"neighborhood","zips","population","population_moe","share_2020_pop_in_city","pct_black_nh","pct_white_nh","pct_hispanic","pct_poverty","per_capita_income","pct_renter","pct_no_vehicle","requests_12m","requests_per_1000"
"Cordova","38016 38018",48260,3500,0.591,50.4,33,7,7.5,40400,47,3.8,9571,198.3
"Downtown","38103 38105",20120,1310,1,40.6,44.8,4.6,15.1,60700,73.7,12,1806,89.8
"East Memphis","38117 38119 38120",62360,2960,1,20.6,66.1,6.7,8.9,69600,31.5,3.6,13508,216.6
"Frayser","38127",35720,3260,0.905,88.7,6.6,2.9,39.4,17800,58.5,12.4,7486,209.6
"Midtown","38104 38112",39550,2100,1,36,49.3,8.9,21.4,44200,58,11.9,9359,236.6
"Raleigh","38128",37900,3270,0.885,77.3,8.7,10.5,20.6,25600,58.6,10.1,6142,162.1
"South Memphis","38106 38126",27340,2090,1,91.5,3.8,2.6,42.7,20200,65.8,19.1,7982,292
"Whitehaven","38116",39990,3150,1,91.7,3.7,3.4,31.2,24100,56.9,13.2,7567,189.2
"City of Memphis","(all)",618260,12160,1,62.6,22.4,10.4,23.1,33200,54.8,10.2,127225,205.8
