sr_id,request_type,status,opened_local,close_date,close_problem,business_days_to_close,age_business_days,zcta,council_district,h3_cell,duplicate_of,auto_found_in_source,auto_type_matches,auto_status_now,auto_opened_local,auto_opened_matches,auto_close_date_now,auto_close_matches,auto_business_days,auto_age_business_days,auto_business_days_match,auto_age_matches,auto_lon,auto_lat,auto_in_city,auto_zcta,auto_council_district,auto_geography_matches,auto_earlier_same_type_within_50m_7d,auto_summary,source_lookup_url,map_url,1_found_in_source,2_dates_match,3_location_matches,4_business_days_correct,5_geography_correct,auditor,notes
7194605,SWM-Missed Bulk Trash,Closed,2024-12-22 13:34,2025-05-18,,98,434,38016,1,892659b6c47ffff,,yes,yes,Closed,2024-12-22 13:34,yes,2025-05-18,yes,98,434,yes,yes,-89.760014,35.17669,yes,38016,1,yes,,ok,https://311.memphistn.gov/server/rest/services/311/311_Request_Map_PROD/FeatureServer/0/query?where=INCIDENT_NUMBER%3D%277194605%27&outFields=INCIDENT_NUMBER%2CREQUEST_TYPE%2CREQUEST_STATUS%2Ccreated_date%2CClosed_Date&outSR=4326&returnGeometry=true&f=html,https://www.openstreetmap.org/?mlat=35.17669&mlon=-89.760014#map=18/35.17669/-89.760014,,,,,,,
8031604,SWM-Missed Bulk Trash,Closed,2026-08-07 13:32,2026-08-13,,4,33,38141,3,892659a4437ffff,,yes,yes,Closed,2026-08-07 13:32,yes,2026-08-13,yes,4,33,yes,yes,-89.850732,35.023317,yes,38141,3,yes,,ok,https://311.memphistn.gov/server/rest/services/311/311_Request_Map_PROD/FeatureServer/0/query?where=INCIDENT_NUMBER%3D%278031604%27&outFields=INCIDENT_NUMBER%2CREQUEST_TYPE%2CREQUEST_STATUS%2Ccreated_date%2CClosed_Date&outSR=4326&returnGeometry=true&f=html,https://www.openstreetmap.org/?mlat=35.023317&mlon=-89.850732#map=18/35.023317/-89.850732,,,,,,,
7402314,EN-Sidewalk Inspection,Closed,2026-05-16 17:01,2026-06-09,,16,90,38117,5,892659a29a3ffff,,yes,yes,Closed,2026-05-16 17:01,yes,2026-06-09,yes,16,90,yes,yes,-89.90667,35.097324,yes,38117,5,yes,,ok,https://311.memphistn.gov/server/rest/services/311/311_Request_Map_PROD/FeatureServer/0/query?where=INCIDENT_NUMBER%3D%277402314%27&outFields=INCIDENT_NUMBER%2CREQUEST_TYPE%2CREQUEST_STATUS%2Ccreated_date%2CClosed_Date&outSR=4326&returnGeometry=true&f=html,https://www.openstreetmap.org/?mlat=35.097324&mlon=-89.90667#map=18/35.097324/-89.90667,,,,,,,
7195113,CE-Vehicle Violations,Closed,2024-12-24 14:26,2024-12-26,,1,433,38018,2,892659b4cd7ffff,,yes,yes,Closed,2024-12-24 14:26,yes,2024-12-26,yes,1,433,yes,yes,-89.790945,35.135872,yes,38018,2,yes,,ok,https://311.memphistn.gov/server/rest/services/311/311_Request_Map_PROD/FeatureServer/0/query?where=INCIDENT_NUMBER%3D%277195113%27&outFields=INCIDENT_NUMBER%2CREQUEST_TYPE%2CREQUEST_STATUS%2Ccreated_date%2CClosed_Date&outSR=4326&returnGeometry=true&f=html,https://www.openstreetmap.org/?mlat=35.135872&mlon=-89.790945#map=18/35.135872/-89.790945,,,,,,,
7310288,SWM-Garbage Missed,Closed,2025-08-15 14:45,2025-08-19,,2,274,38134,1,892659b4297ffff,7307083,yes,yes,Closed,2025-08-15 14:45,yes,2025-08-19,yes,2,274,yes,yes,-89.845543,35.160658,yes,38134,1,yes,7308783 7309446 7307723 7307083 7308606,ok,https://311.memphistn.gov/server/rest/services/311/311_Request_Map_PROD/FeatureServer/0/query?where=INCIDENT_NUMBER%3D%277310288%27&outFields=INCIDENT_NUMBER%2CREQUEST_TYPE%2CREQUEST_STATUS%2Ccreated_date%2CClosed_Date&outSR=4326&returnGeometry=true&f=html,https://www.openstreetmap.org/?mlat=35.160658&mlon=-89.845543#map=18/35.160658/-89.845543,,,,,,,
7195746,SWM-Garbage Missed,Closed,2024-12-27 08:51,2025-04-07,,67,431,38127,7,892659b0e5bffff,,yes,yes,Closed,2024-12-27 08:51,yes,2025-04-07,yes,67,431,yes,yes,-89.966981,35.234812,yes,38127,7,yes,,ok,https://311.memphistn.gov/server/rest/services/311/311_Request_Map_PROD/FeatureServer/0/query?where=INCIDENT_NUMBER%3D%277195746%27&outFields=INCIDENT_NUMBER%2CREQUEST_TYPE%2CREQUEST_STATUS%2Ccreated_date%2CClosed_Date&outSR=4326&returnGeometry=true&f=html,https://www.openstreetmap.org/?mlat=35.234812&mlon=-89.966981#map=18/35.234812/-89.966981,,,,,,,
8052073,SWM-Dead Animal Collection,Closed,2026-09-21 08:46,2026-09-21,,0,3,38122,5,892659a2537ffff,,yes,yes,Closed,2026-09-21 08:46,yes,2026-09-21,yes,0,3,yes,yes,-89.934984,35.165802,yes,38122,5,yes,,ok,https://311.memphistn.gov/server/rest/services/311/311_Request_Map_PROD/FeatureServer/0/query?where=INCIDENT_NUMBER%3D%278052073%27&outFields=INCIDENT_NUMBER%2CREQUEST_TYPE%2CREQUEST_STATUS%2Ccreated_date%2CClosed_Date&outSR=4326&returnGeometry=true&f=html,https://www.openstreetmap.org/?mlat=35.165802&mlon=-89.934984#map=18/35.165802/-89.934984,,,,,,,
7127753,CE-Vehicle Violations,Closed,2024-06-24 17:13,2025-01-09,,135,558,38117,5,892659a292bffff,,yes,yes,Closed,2024-06-24 17:13,yes,2025-01-09,yes,135,558,yes,yes,-89.913164,35.089466,yes,38117,5,yes,,ok,https://311.memphistn.gov/server/rest/services/311/311_Request_Map_PROD/FeatureServer/0/query?where=INCIDENT_NUMBER%3D%277127753%27&outFields=INCIDENT_NUMBER%2CREQUEST_TYPE%2CREQUEST_STATUS%2Ccreated_date%2CClosed_Date&outSR=4326&returnGeometry=true&f=html,https://www.openstreetmap.org/?mlat=35.089466&mlon=-89.913164#map=18/35.089466/-89.913164,,,,,,,
7014370,SWM-Pick-Up Extra Cart,Closed,2023-11-30 14:44,2024-01-22,,33,696,38115,4,892659a7193ffff,,yes,yes,Closed,2023-11-30 14:44,yes,2024-01-22,yes,33,696,yes,yes,-89.872504,35.05568,yes,38115,4,yes,,ok,https://311.memphistn.gov/server/rest/services/311/311_Request_Map_PROD/FeatureServer/0/query?where=INCIDENT_NUMBER%3D%277014370%27&outFields=INCIDENT_NUMBER%2CREQUEST_TYPE%2CREQUEST_STATUS%2Ccreated_date%2CClosed_Date&outSR=4326&returnGeometry=true&f=html,https://www.openstreetmap.org/?mlat=35.05568&mlon=-89.872504#map=18/35.05568/-89.872504,,,,,,,
8021681,SWM-Cart Repair,Closed,2026-07-21 14:58,2026-07-31,,8,46,38117,5,892659b5377ffff,,yes,yes,Closed,2026-07-21 14:58,yes,2026-07-31,yes,8,46,yes,yes,-89.907586,35.134414,yes,38117,5,yes,,ok,https://311.memphistn.gov/server/rest/services/311/311_Request_Map_PROD/FeatureServer/0/query?where=INCIDENT_NUMBER%3D%278021681%27&outFields=INCIDENT_NUMBER%2CREQUEST_TYPE%2CREQUEST_STATUS%2Ccreated_date%2CClosed_Date&outSR=4326&returnGeometry=true&f=html,https://www.openstreetmap.org/?mlat=35.134414&mlon=-89.907586#map=18/35.134414/-89.907586,,,,,,,
7324990,SWM-Cart Repair,Closed,2025-09-25 08:22,2025-10-01,,4,246,38018,2,892659b6a0fffff,,yes,yes,Closed,2025-09-25 08:22,yes,2025-10-01,yes,4,246,yes,yes,-89.784957,35.148182,yes,38018,2,yes,,ok,https://311.memphistn.gov/server/rest/services/311/311_Request_Map_PROD/FeatureServer/0/query?where=INCIDENT_NUMBER%3D%277324990%27&outFields=INCIDENT_NUMBER%2CREQUEST_TYPE%2CREQUEST_STATUS%2Ccreated_date%2CClosed_Date&outSR=4326&returnGeometry=true&f=html,https://www.openstreetmap.org/?mlat=35.148182&mlon=-89.784957#map=18/35.148182/-89.784957,,,,,,,
7091751,CW-Weeds Vacant Lots,Resolved,2024-05-16 09:35,2024-05-21,,3,583,38108,7,892659a2623ffff,,yes,yes,Resolved,2024-05-16 09:35,yes,2024-05-21,yes,3,583,yes,yes,-89.984406,35.173569,yes,38108,7,yes,,ok,https://311.memphistn.gov/server/rest/services/311/311_Request_Map_PROD/FeatureServer/0/query?where=INCIDENT_NUMBER%3D%277091751%27&outFields=INCIDENT_NUMBER%2CREQUEST_TYPE%2CREQUEST_STATUS%2Ccreated_date%2CClosed_Date&outSR=4326&returnGeometry=true&f=html,https://www.openstreetmap.org/?mlat=35.173569&mlon=-89.984406#map=18/35.173569/-89.984406,,,,,,,
7301212,SWM-Missed Bulk Trash,Closed,2025-07-29 10:09,2025-08-07,,7,287,38141,3,892659a4443ffff,7300968,yes,yes,Closed,2025-07-29 10:09,yes,2025-08-07,yes,7,287,yes,yes,-89.86835,35.028466,yes,38141,3,yes,7300968,ok,https://311.memphistn.gov/server/rest/services/311/311_Request_Map_PROD/FeatureServer/0/query?where=INCIDENT_NUMBER%3D%277301212%27&outFields=INCIDENT_NUMBER%2CREQUEST_TYPE%2CREQUEST_STATUS%2Ccreated_date%2CClosed_Date&outSR=4326&returnGeometry=true&f=html,https://www.openstreetmap.org/?mlat=35.028466&mlon=-89.86835#map=18/35.028466/-89.86835,,,,,,,
7403712,SWM-Cart Repair,Closed,2026-05-19 15:24,2026-05-28,,6,88,38141,3,892659a6363ffff,,yes,yes,Closed,2026-05-19 15:24,yes,2026-05-28,yes,6,88,yes,yes,-89.839163,35.028512,yes,38141,3,yes,,ok,https://311.memphistn.gov/server/rest/services/311/311_Request_Map_PROD/FeatureServer/0/query?where=INCIDENT_NUMBER%3D%277403712%27&outFields=INCIDENT_NUMBER%2CREQUEST_TYPE%2CREQUEST_STATUS%2Ccreated_date%2CClosed_Date&outSR=4326&returnGeometry=true&f=html,https://www.openstreetmap.org/?mlat=35.028512&mlon=-89.839163#map=18/35.028512/-89.839163,,,,,,,
7321934,SWM-Dead Animal Collection,Closed,2025-09-16 08:28,2025-09-19,,3,253,38112,5,892659a2147ffff,,yes,yes,Closed,2025-09-16 08:28,yes,2025-09-19,yes,3,253,yes,yes,-89.958336,35.149512,yes,38112,5,yes,,ok,https://311.memphistn.gov/server/rest/services/311/311_Request_Map_PROD/FeatureServer/0/query?where=INCIDENT_NUMBER%3D%277321934%27&outFields=INCIDENT_NUMBER%2CREQUEST_TYPE%2CREQUEST_STATUS%2Ccreated_date%2CClosed_Date&outSR=4326&returnGeometry=true&f=html,https://www.openstreetmap.org/?mlat=35.149512&mlon=-89.958336#map=18/35.149512/-89.958336,,,,,,,
7215597,CE-Vehicle Violations,Closed,2025-02-25 17:18,2026-03-04,,252,392,38116,3,892659ae4bbffff,,yes,yes,Closed,2025-02-25 17:18,yes,2026-03-04,yes,252,392,yes,yes,-89.995391,35.03652,yes,38116,3,yes,,ok,https://311.memphistn.gov/server/rest/services/311/311_Request_Map_PROD/FeatureServer/0/query?where=INCIDENT_NUMBER%3D%277215597%27&outFields=INCIDENT_NUMBER%2CREQUEST_TYPE%2CREQUEST_STATUS%2Ccreated_date%2CClosed_Date&outSR=4326&returnGeometry=true&f=html,https://www.openstreetmap.org/?mlat=35.03652&mlon=-89.995391#map=18/35.03652/-89.995391,,,,,,,
7078984,CE-Vehicle Violations,Closed,2024-04-20 23:08,2024-04-23,,2,602,38016,1,892659b6193ffff,,yes,yes,Closed,2024-04-20 23:08,yes,2024-04-23,yes,2,602,yes,yes,-89.76704,35.202798,yes,38016,1,yes,,ok,https://311.memphistn.gov/server/rest/services/311/311_Request_Map_PROD/FeatureServer/0/query?where=INCIDENT_NUMBER%3D%277078984%27&outFields=INCIDENT_NUMBER%2CREQUEST_TYPE%2CREQUEST_STATUS%2Ccreated_date%2CClosed_Date&outSR=4326&returnGeometry=true&f=html,https://www.openstreetmap.org/?mlat=35.202798&mlon=-89.76704#map=18/35.202798/-89.76704,,,,,,,
7394672,SWM-Missed Bulk Trash,Closed,2026-04-29 12:53,,missing_close_date,,102,38116,3,892659ae2afffff,,yes,yes,Closed,2026-04-29 12:53,yes,,yes,,102,yes,yes,-90.021533,35.003469,yes,38116,3,yes,,ok,https://311.memphistn.gov/server/rest/services/311/311_Request_Map_PROD/FeatureServer/0/query?where=INCIDENT_NUMBER%3D%277394672%27&outFields=INCIDENT_NUMBER%2CREQUEST_TYPE%2CREQUEST_STATUS%2Ccreated_date%2CClosed_Date&outSR=4326&returnGeometry=true&f=html,https://www.openstreetmap.org/?mlat=35.003469&mlon=-90.021533#map=18/35.003469/-90.021533,,,,,,,
7152173,SWM-Recycle Cart Repair,Closed,2024-08-16 09:19,2024-08-23,,5,520,38115,3,892659a63cbffff,,yes,yes,Closed,2024-08-16 09:19,yes,2024-08-23,yes,5,520,yes,yes,-89.842582,35.041441,yes,38115,3,yes,,ok,https://311.memphistn.gov/server/rest/services/311/311_Request_Map_PROD/FeatureServer/0/query?where=INCIDENT_NUMBER%3D%277152173%27&outFields=INCIDENT_NUMBER%2CREQUEST_TYPE%2CREQUEST_STATUS%2Ccreated_date%2CClosed_Date&outSR=4326&returnGeometry=true&f=html,https://www.openstreetmap.org/?mlat=35.041441&mlon=-89.842582#map=18/35.041441/-89.842582,,,,,,,
7040524,SWM-Missed Bulk Trash,Closed,2024-01-08 08:27,2024-01-09,,1,672,38127,7,892659b1da3ffff,,yes,yes,Closed,2024-01-08 08:27,yes,2024-01-09,yes,1,672,yes,yes,-89.970198,35.225033,yes,38127,7,yes,,ok,https://311.memphistn.gov/server/rest/services/311/311_Request_Map_PROD/FeatureServer/0/query?where=INCIDENT_NUMBER%3D%277040524%27&outFields=INCIDENT_NUMBER%2CREQUEST_TYPE%2CREQUEST_STATUS%2Ccreated_date%2CClosed_Date&outSR=4326&returnGeometry=true&f=html,https://www.openstreetmap.org/?mlat=35.225033&mlon=-89.970198#map=18/35.225033/-89.970198,,,,,,,
7340854,SWM-Missed Bulk Trash,Closed,2025-11-14 08:55,2025-11-26,,8,211,38109,6,892659af623ffff,,yes,yes,Closed,2025-11-14 08:55,yes,2025-11-26,yes,8,211,yes,yes,-90.09191,35.02523,yes,38109,6,yes,,ok,https://311.memphistn.gov/server/rest/services/311/311_Request_Map_PROD/FeatureServer/0/query?where=INCIDENT_NUMBER%3D%277340854%27&outFields=INCIDENT_NUMBER%2CREQUEST_TYPE%2CREQUEST_STATUS%2Ccreated_date%2CClosed_Date&outSR=4326&returnGeometry=true&f=html,https://www.openstreetmap.org/?mlat=35.02523&mlon=-90.09191#map=18/35.02523/-90.09191,,,,,,,
7259847,PW (HE)-Street Cleaning,Closed,2025-06-03 09:12,2025-06-04,,1,325,38122,5,892659a2123ffff,,yes,yes,Closed,2025-06-03 09:12,yes,2025-06-04,yes,1,325,yes,yes,-89.944255,35.143805,yes,38122,5,yes,,ok,https://311.memphistn.gov/server/rest/services/311/311_Request_Map_PROD/FeatureServer/0/query?where=INCIDENT_NUMBER%3D%277259847%27&outFields=INCIDENT_NUMBER%2CREQUEST_TYPE%2CREQUEST_STATUS%2Ccreated_date%2CClosed_Date&outSR=4326&returnGeometry=true&f=html,https://www.openstreetmap.org/?mlat=35.143805&mlon=-89.944255#map=18/35.143805/-89.944255,,,,,,,
7186567,SWM-Garbage Missed,Closed,2024-11-27 08:11,2024-12-13,,10,449,38120,2,892659b5813ffff,,yes,yes,Closed,2024-11-27 08:11,yes,2024-12-13,yes,10,449,yes,yes,-89.863538,35.113471,yes,38120,2,yes,,ok,https://311.memphistn.gov/server/rest/services/311/311_Request_Map_PROD/FeatureServer/0/query?where=INCIDENT_NUMBER%3D%277186567%27&outFields=INCIDENT_NUMBER%2CREQUEST_TYPE%2CREQUEST_STATUS%2Ccreated_date%2CClosed_Date&outSR=4326&returnGeometry=true&f=html,https://www.openstreetmap.org/?mlat=35.113471&mlon=-89.863538#map=18/35.113471/-89.863538,,,,,,,
7226121,SWM-Cart Repair,Closed,2025-03-24 10:49,2025-03-25,,1,373,38117,5,892659a768fffff,7226077,yes,yes,Closed,2025-03-24 10:49,yes,2025-03-25,yes,1,373,yes,yes,-89.914667,35.079649,yes,38117,5,yes,7226077,ok,https://311.memphistn.gov/server/rest/services/311/311_Request_Map_PROD/FeatureServer/0/query?where=INCIDENT_NUMBER%3D%277226121%27&outFields=INCIDENT_NUMBER%2CREQUEST_TYPE%2CREQUEST_STATUS%2Ccreated_date%2CClosed_Date&outSR=4326&returnGeometry=true&f=html,https://www.openstreetmap.org/?mlat=35.079649&mlon=-89.914667#map=18/35.079649/-89.914667,,,,,,,
7333351,SWM-Garbage Missed,Closed,2025-10-22 08:35,2025-10-23,,1,227,38115,4,892659a75cfffff,,yes,yes,Closed,2025-10-22 08:35,yes,2025-10-23,yes,1,227,yes,yes,-89.878753,35.071053,yes,38115,4,yes,,ok,https://311.memphistn.gov/server/rest/services/311/311_Request_Map_PROD/FeatureServer/0/query?where=INCIDENT_NUMBER%3D%277333351%27&outFields=INCIDENT_NUMBER%2CREQUEST_TYPE%2CREQUEST_STATUS%2Ccreated_date%2CClosed_Date&outSR=4326&returnGeometry=true&f=html,https://www.openstreetmap.org/?mlat=35.071053&mlon=-89.878753#map=18/35.071053/-89.878753,,,,,,,
7215401,PD-Abandoned Vehicles,Closed,2025-02-25 12:10,2025-06-05,,69,392,38109,6,892659af0abffff,,yes,yes,Closed,2025-02-25 12:10,yes,2025-06-05,yes,69,392,yes,yes,-90.070098,35.014137,yes,38109,6,yes,,ok,https://311.memphistn.gov/server/rest/services/311/311_Request_Map_PROD/FeatureServer/0/query?where=INCIDENT_NUMBER%3D%277215401%27&outFields=INCIDENT_NUMBER%2CREQUEST_TYPE%2CREQUEST_STATUS%2Ccreated_date%2CClosed_Date&outSR=4326&returnGeometry=true&f=html,https://www.openstreetmap.org/?mlat=35.014137&mlon=-90.070098#map=18/35.014137/-90.070098,,,,,,,
7230674,SWM-Missing Cart,Closed,2025-04-02 14:11,2025-04-10,,5,366,38108,7,892659a20cbffff,,yes,yes,Closed,2025-04-02 14:11,yes,2025-04-10,yes,5,366,yes,yes,-89.978685,35.17322,yes,38108,7,yes,,ok,https://311.memphistn.gov/server/rest/services/311/311_Request_Map_PROD/FeatureServer/0/query?where=INCIDENT_NUMBER%3D%277230674%27&outFields=INCIDENT_NUMBER%2CREQUEST_TYPE%2CREQUEST_STATUS%2Ccreated_date%2CClosed_Date&outSR=4326&returnGeometry=true&f=html,https://www.openstreetmap.org/?mlat=35.17322&mlon=-89.978685#map=18/35.17322/-89.978685,,,,,,,
7377989,SWM-Missed Bulk Trash,Closed,2026-03-24 08:18,2026-04-14,,13,126,38109,6,892659af007ffff,,yes,yes,Closed,2026-03-24 08:18,yes,2026-04-14,yes,13,126,yes,yes,-90.072089,35.014124,yes,38109,6,yes,,ok,https://311.memphistn.gov/server/rest/services/311/311_Request_Map_PROD/FeatureServer/0/query?where=INCIDENT_NUMBER%3D%277377989%27&outFields=INCIDENT_NUMBER%2CREQUEST_TYPE%2CREQUEST_STATUS%2Ccreated_date%2CClosed_Date&outSR=4326&returnGeometry=true&f=html,https://www.openstreetmap.org/?mlat=35.014124&mlon=-90.072089#map=18/35.014124/-90.072089,,,,,,,
7064379,SWM-Contaminated Recycle Cart,Closed,2024-03-12 14:53,2024-03-12,,0,628,38109,6,892659af00fffff,,yes,yes,Closed,2024-03-12 14:53,yes,2024-03-12,yes,0,628,yes,yes,-90.077043,35.013798,yes,38109,6,yes,,ok,https://311.memphistn.gov/server/rest/services/311/311_Request_Map_PROD/FeatureServer/0/query?where=INCIDENT_NUMBER%3D%277064379%27&outFields=INCIDENT_NUMBER%2CREQUEST_TYPE%2CREQUEST_STATUS%2Ccreated_date%2CClosed_Date&outSR=4326&returnGeometry=true&f=html,https://www.openstreetmap.org/?mlat=35.013798&mlon=-90.077043#map=18/35.013798/-90.077043,,,,,,,
7052592,SWM-Missed Bulk Trash,Closed,2024-02-07 20:32,2024-03-06,,19,651,38016,1,892659b459bffff,,yes,yes,Closed,2024-02-07 20:32,yes,2024-03-06,yes,19,651,yes,yes,-89.802199,35.175892,yes,38016,1,yes,,ok,https://311.memphistn.gov/server/rest/services/311/311_Request_Map_PROD/FeatureServer/0/query?where=INCIDENT_NUMBER%3D%277052592%27&outFields=INCIDENT_NUMBER%2CREQUEST_TYPE%2CREQUEST_STATUS%2Ccreated_date%2CClosed_Date&outSR=4326&returnGeometry=true&f=html,https://www.openstreetmap.org/?mlat=35.175892&mlon=-89.802199#map=18/35.175892/-89.802199,,,,,,,
7409326,SWM-Recycle Bin New Start,Open,2026-06-01 18:52,,,,80,38108,2,892659b5677ffff,,yes,yes,Open,2026-06-01 18:52,yes,,yes,,80,yes,yes,-89.921978,35.172435,yes,38108,2,yes,,ok,https://311.memphistn.gov/server/rest/services/311/311_Request_Map_PROD/FeatureServer/0/query?where=INCIDENT_NUMBER%3D%277409326%27&outFields=INCIDENT_NUMBER%2CREQUEST_TYPE%2CREQUEST_STATUS%2Ccreated_date%2CClosed_Date&outSR=4326&returnGeometry=true&f=html,https://www.openstreetmap.org/?mlat=35.172435&mlon=-89.921978#map=18/35.172435/-89.921978,,,,,,,
7401240,SWM-Missed Bulk Trash,Closed,2026-05-13 16:14,2026-06-10,,19,92,38109,6,892659af47bffff,,yes,yes,Closed,2026-05-13 16:14,yes,2026-06-10,yes,19,92,yes,yes,-90.080844,35.033746,yes,38109,6,yes,,ok,https://311.memphistn.gov/server/rest/services/311/311_Request_Map_PROD/FeatureServer/0/query?where=INCIDENT_NUMBER%3D%277401240%27&outFields=INCIDENT_NUMBER%2CREQUEST_TYPE%2CREQUEST_STATUS%2Ccreated_date%2CClosed_Date&outSR=4326&returnGeometry=true&f=html,https://www.openstreetmap.org/?mlat=35.033746&mlon=-90.080844#map=18/35.033746/-90.080844,,,,,,,
7000025,SWM-Missed Bulk Trash,Closed,2023-10-16 08:52,2023-12-05,,33,726,38116,3,892659a1923ffff,,yes,yes,Closed,2023-10-16 08:52,yes,2023-12-05,yes,33,726,yes,yes,-90.014951,35.043675,yes,38116,3,yes,,ok,https://311.memphistn.gov/server/rest/services/311/311_Request_Map_PROD/FeatureServer/0/query?where=INCIDENT_NUMBER%3D%277000025%27&outFields=INCIDENT_NUMBER%2CREQUEST_TYPE%2CREQUEST_STATUS%2Ccreated_date%2CClosed_Date&outSR=4326&returnGeometry=true&f=html,https://www.openstreetmap.org/?mlat=35.043675&mlon=-90.014951#map=18/35.043675/-90.014951,,,,,,,
8025139,CE-Code Miscellaneous,Open,2026-07-28 08:26,,,,41,38116,3,892659a19b7ffff,,yes,yes,Open,2026-07-28 08:26,yes,,yes,,41,yes,yes,-90.006078,35.050737,yes,38116,3,yes,,ok,https://311.memphistn.gov/server/rest/services/311/311_Request_Map_PROD/FeatureServer/0/query?where=INCIDENT_NUMBER%3D%278025139%27&outFields=INCIDENT_NUMBER%2CREQUEST_TYPE%2CREQUEST_STATUS%2Ccreated_date%2CClosed_Date&outSR=4326&returnGeometry=true&f=html,https://www.openstreetmap.org/?mlat=35.050737&mlon=-90.006078#map=18/35.050737/-90.006078,,,,,,,
8010374,PW (SM)-Potholes,Closed,2026-06-30 07:44,2026-06-30,,0,60,38116,3,892659ae4b3ffff,,yes,yes,Closed,2026-06-30 07:44,yes,2026-06-30,yes,0,60,yes,yes,-89.991034,35.038764,yes,38116,3,yes,,ok,https://311.memphistn.gov/server/rest/services/311/311_Request_Map_PROD/FeatureServer/0/query?where=INCIDENT_NUMBER%3D%278010374%27&outFields=INCIDENT_NUMBER%2CREQUEST_TYPE%2CREQUEST_STATUS%2Ccreated_date%2CClosed_Date&outSR=4326&returnGeometry=true&f=html,https://www.openstreetmap.org/?mlat=35.038764&mlon=-89.991034#map=18/35.038764/-89.991034,,,,,,,
7168854,PW (HE)-Street Cleaning,Closed,2024-10-01 11:53,2024-10-03,,2,489,38122,5,892659b528bffff,,yes,yes,Closed,2024-10-01 11:53,yes,2024-10-03,yes,2,489,yes,yes,-89.924513,35.16333,yes,38122,5,yes,,ok,https://311.memphistn.gov/server/rest/services/311/311_Request_Map_PROD/FeatureServer/0/query?where=INCIDENT_NUMBER%3D%277168854%27&outFields=INCIDENT_NUMBER%2CREQUEST_TYPE%2CREQUEST_STATUS%2Ccreated_date%2CClosed_Date&outSR=4326&returnGeometry=true&f=html,https://www.openstreetmap.org/?mlat=35.16333&mlon=-89.924513#map=18/35.16333/-89.924513,,,,,,,
7253647,SWM-Recycle Cart Delivery,Closed,2025-05-21 14:30,2025-07-05,,29,333,38115,3,892659a628bffff,,yes,yes,Closed,2025-05-21 14:30,yes,2025-07-05,yes,29,333,yes,yes,-89.853469,35.057005,yes,38115,3,yes,,ok,https://311.memphistn.gov/server/rest/services/311/311_Request_Map_PROD/FeatureServer/0/query?where=INCIDENT_NUMBER%3D%277253647%27&outFields=INCIDENT_NUMBER%2CREQUEST_TYPE%2CREQUEST_STATUS%2Ccreated_date%2CClosed_Date&outSR=4326&returnGeometry=true&f=html,https://www.openstreetmap.org/?mlat=35.057005&mlon=-89.853469#map=18/35.057005/-89.853469,,,,,,,
7081258,EN-Speed Hump Request,Closed,2024-04-26 17:02,2024-06-05,,27,597,38103,7,892659a32a3ffff,,yes,yes,Closed,2024-04-26 17:02,yes,2024-06-05,yes,27,597,yes,yes,-90.057491,35.162184,yes,38103,7,yes,,ok,https://311.memphistn.gov/server/rest/services/311/311_Request_Map_PROD/FeatureServer/0/query?where=INCIDENT_NUMBER%3D%277081258%27&outFields=INCIDENT_NUMBER%2CREQUEST_TYPE%2CREQUEST_STATUS%2Ccreated_date%2CClosed_Date&outSR=4326&returnGeometry=true&f=html,https://www.openstreetmap.org/?mlat=35.162184&mlon=-90.057491#map=18/35.162184/-90.057491,,,,,,,
7141509,SWM-Missed Bulk Trash,Closed,2024-07-22 10:27,2025-09-22,,290,539,38108,7,892659a25cbffff,,yes,yes,Closed,2024-07-22 10:27,yes,2025-09-22,yes,290,539,yes,yes,-89.954296,35.178616,yes,38108,7,yes,,ok,https://311.memphistn.gov/server/rest/services/311/311_Request_Map_PROD/FeatureServer/0/query?where=INCIDENT_NUMBER%3D%277141509%27&outFields=INCIDENT_NUMBER%2CREQUEST_TYPE%2CREQUEST_STATUS%2Ccreated_date%2CClosed_Date&outSR=4326&returnGeometry=true&f=html,https://www.openstreetmap.org/?mlat=35.178616&mlon=-89.954296#map=18/35.178616/-89.954296,,,,,,,
7265726,SWM-Garbage Missed,Closed,2025-06-13 11:09,2025-06-26,,8,317,38111,5,892659a2c0fffff,,yes,yes,Closed,2025-06-13 11:09,yes,2025-06-26,yes,8,317,yes,yes,-89.930382,35.131236,yes,38111,5,yes,,ok,https://311.memphistn.gov/server/rest/services/311/311_Request_Map_PROD/FeatureServer/0/query?where=INCIDENT_NUMBER%3D%277265726%27&outFields=INCIDENT_NUMBER%2CREQUEST_TYPE%2CREQUEST_STATUS%2Ccreated_date%2CClosed_Date&outSR=4326&returnGeometry=true&f=html,https://www.openstreetmap.org/?mlat=35.131236&mlon=-89.930382#map=18/35.131236/-89.930382,,,,,,,
7335305,SWM-Garbage Waiver Request,Closed,2025-10-27 20:05,2025-10-29,,2,224,38117,5,892659a2c97ffff,,yes,yes,Closed,2025-10-27 20:05,yes,2025-10-29,yes,2,224,yes,yes,-89.92094,35.141223,yes,38117,5,yes,,ok,https://311.memphistn.gov/server/rest/services/311/311_Request_Map_PROD/FeatureServer/0/query?where=INCIDENT_NUMBER%3D%277335305%27&outFields=INCIDENT_NUMBER%2CREQUEST_TYPE%2CREQUEST_STATUS%2Ccreated_date%2CClosed_Date&outSR=4326&returnGeometry=true&f=html,https://www.openstreetmap.org/?mlat=35.141223&mlon=-89.92094#map=18/35.141223/-89.92094,,,,,,,
7230837,SWM-Missed Bulk Trash,Closed,2025-04-02 19:18,2025-04-04,,1,366,38018,2,892659b4c8fffff,,yes,yes,Closed,2025-04-02 19:18,yes,2025-04-04,yes,1,366,yes,yes,-89.78303,35.131861,yes,38018,2,yes,,ok,https://311.memphistn.gov/server/rest/services/311/311_Request_Map_PROD/FeatureServer/0/query?where=INCIDENT_NUMBER%3D%277230837%27&outFields=INCIDENT_NUMBER%2CREQUEST_TYPE%2CREQUEST_STATUS%2Ccreated_date%2CClosed_Date&outSR=4326&returnGeometry=true&f=html,https://www.openstreetmap.org/?mlat=35.131861&mlon=-89.78303#map=18/35.131861/-89.78303,,,,,,,
7403948,SWM-Service Quality,Closed,2026-05-20 09:54,,missing_close_date,,87,38108,5,892659a2063ffff,,yes,yes,Closed,2026-05-20 09:54,yes,,yes,,87,yes,yes,-89.976128,35.159734,yes,38108,5,yes,,ok,https://311.memphistn.gov/server/rest/services/311/311_Request_Map_PROD/FeatureServer/0/query?where=INCIDENT_NUMBER%3D%277403948%27&outFields=INCIDENT_NUMBER%2CREQUEST_TYPE%2CREQUEST_STATUS%2Ccreated_date%2CClosed_Date&outSR=4326&returnGeometry=true&f=html,https://www.openstreetmap.org/?mlat=35.159734&mlon=-89.976128#map=18/35.159734/-89.976128,,,,,,,
7232502,PW (ROW)-Roadside Litter,Closed,2025-04-07 17:01,2025-04-08,,1,364,38109,6,892659a1b07ffff,7232499,yes,yes,Closed,2025-04-07 17:01,yes,2025-04-08,yes,1,364,yes,yes,-90.043703,35.042544,yes,38109,6,yes,7232499 7232501,ok,https://311.memphistn.gov/server/rest/services/311/311_Request_Map_PROD/FeatureServer/0/query?where=INCIDENT_NUMBER%3D%277232502%27&outFields=INCIDENT_NUMBER%2CREQUEST_TYPE%2CREQUEST_STATUS%2Ccreated_date%2CClosed_Date&outSR=4326&returnGeometry=true&f=html,https://www.openstreetmap.org/?mlat=35.042544&mlon=-90.043703#map=18/35.042544/-90.043703,,,,,,,
7140980,CE-Weeds Occupied Property,Closed,2024-07-19 10:52,2024-07-24,,3,540,38106,6,892659a026fffff,,yes,yes,Closed,2024-07-19 10:52,yes,2024-07-24,yes,3,540,yes,yes,-90.036456,35.097694,yes,38106,6,yes,,ok,https://311.memphistn.gov/server/rest/services/311/311_Request_Map_PROD/FeatureServer/0/query?where=INCIDENT_NUMBER%3D%277140980%27&outFields=INCIDENT_NUMBER%2CREQUEST_TYPE%2CREQUEST_STATUS%2Ccreated_date%2CClosed_Date&outSR=4326&returnGeometry=true&f=html,https://www.openstreetmap.org/?mlat=35.097694&mlon=-90.036456#map=18/35.097694/-90.036456,,,,,,,
8039390,PW (SM)-Trees in Street,Closed,2026-08-24 11:53,2026-08-24,,0,22,38127,7,892659b1aa3ffff,,yes,yes,Closed,2026-08-24 11:53,yes,2026-08-24,yes,0,22,yes,yes,-90.02136,35.211092,yes,38127,7,yes,,ok,https://311.memphistn.gov/server/rest/services/311/311_Request_Map_PROD/FeatureServer/0/query?where=INCIDENT_NUMBER%3D%278039390%27&outFields=INCIDENT_NUMBER%2CREQUEST_TYPE%2CREQUEST_STATUS%2Ccreated_date%2CClosed_Date&outSR=4326&returnGeometry=true&f=html,https://www.openstreetmap.org/?mlat=35.211092&mlon=-90.02136#map=18/35.211092/-90.02136,,,,,,,
7303647,SWM-Dead Animal Collection,Closed,2025-08-03 11:27,2025-08-05,,2,284,38109,6,892659a13a3ffff,,yes,yes,Closed,2025-08-03 11:27,yes,2025-08-05,yes,2,284,yes,yes,-90.073314,35.097075,yes,38109,6,yes,,ok,https://311.memphistn.gov/server/rest/services/311/311_Request_Map_PROD/FeatureServer/0/query?where=INCIDENT_NUMBER%3D%277303647%27&outFields=INCIDENT_NUMBER%2CREQUEST_TYPE%2CREQUEST_STATUS%2Ccreated_date%2CClosed_Date&outSR=4326&returnGeometry=true&f=html,https://www.openstreetmap.org/?mlat=35.097075&mlon=-90.073314#map=18/35.097075/-90.073314,,,,,,,
7389146,PW (SM)-Potholes,Closed,2026-04-17 11:54,2026-04-17,,0,110,38106,6,892659a1123ffff,,yes,yes,Closed,2026-04-17 11:54,yes,2026-04-17,yes,0,110,yes,yes,-90.051114,35.09577,yes,38106,6,yes,,ok,https://311.memphistn.gov/server/rest/services/311/311_Request_Map_PROD/FeatureServer/0/query?where=INCIDENT_NUMBER%3D%277389146%27&outFields=INCIDENT_NUMBER%2CREQUEST_TYPE%2CREQUEST_STATUS%2Ccreated_date%2CClosed_Date&outSR=4326&returnGeometry=true&f=html,https://www.openstreetmap.org/?mlat=35.09577&mlon=-90.051114#map=18/35.09577/-90.051114,,,,,,,
7243311,SWM-Garbage Missed,Closed,2025-04-30 09:26,2025-05-01,,1,348,38141,3,892659a6363ffff,7240318,yes,yes,Closed,2025-04-30 09:26,yes,2025-05-01,yes,1,348,yes,yes,-89.840182,35.027996,yes,38141,3,yes,7240318,ok,https://311.memphistn.gov/server/rest/services/311/311_Request_Map_PROD/FeatureServer/0/query?where=INCIDENT_NUMBER%3D%277243311%27&outFields=INCIDENT_NUMBER%2CREQUEST_TYPE%2CREQUEST_STATUS%2Ccreated_date%2CClosed_Date&outSR=4326&returnGeometry=true&f=html,https://www.openstreetmap.org/?mlat=35.027996&mlon=-89.840182#map=18/35.027996/-89.840182,,,,,,,
7144317,CE-Vehicle Violations,Closed,2024-07-29 07:02,2024-10-30,,66,534,38117,5,892659a2c8bffff,,yes,yes,Closed,2024-07-29 07:02,yes,2024-10-30,yes,66,534,yes,yes,-89.927986,35.141838,yes,38117,5,yes,,ok,https://311.memphistn.gov/server/rest/services/311/311_Request_Map_PROD/FeatureServer/0/query?where=INCIDENT_NUMBER%3D%277144317%27&outFields=INCIDENT_NUMBER%2CREQUEST_TYPE%2CREQUEST_STATUS%2Ccreated_date%2CClosed_Date&outSR=4326&returnGeometry=true&f=html,https://www.openstreetmap.org/?mlat=35.141838&mlon=-89.927986#map=18/35.141838/-89.927986,,,,,,,
7147290,SWM-Recycling Missed,Closed,2024-08-02 09:35,2024-08-02,,0,530,38109,6,892659af5d3ffff,,yes,yes,Closed,2024-08-02 09:35,yes,2024-08-02,yes,0,530,yes,yes,-90.05498,35.031101,yes,38109,6,yes,,ok,https://311.memphistn.gov/server/rest/services/311/311_Request_Map_PROD/FeatureServer/0/query?where=INCIDENT_NUMBER%3D%277147290%27&outFields=INCIDENT_NUMBER%2CREQUEST_TYPE%2CREQUEST_STATUS%2Ccreated_date%2CClosed_Date&outSR=4326&returnGeometry=true&f=html,https://www.openstreetmap.org/?mlat=35.031101&mlon=-90.05498#map=18/35.031101/-90.05498,,,,,,,
7097613,SWM-Garbage Missed,Closed,2024-05-30 09:05,2024-05-30,,0,574,38127,7,892659b0e5bffff,,yes,yes,Closed,2024-05-30 09:05,yes,2024-05-30,yes,0,574,yes,yes,-89.967474,35.234095,yes,38127,7,yes,,ok,https://311.memphistn.gov/server/rest/services/311/311_Request_Map_PROD/FeatureServer/0/query?where=INCIDENT_NUMBER%3D%277097613%27&outFields=INCIDENT_NUMBER%2CREQUEST_TYPE%2CREQUEST_STATUS%2Ccreated_date%2CClosed_Date&outSR=4326&returnGeometry=true&f=html,https://www.openstreetmap.org/?mlat=35.234095&mlon=-89.967474#map=18/35.234095/-89.967474,,,,,,,
8010857,EE-Illegal Dumping,Closed,2026-06-30 13:25,2026-07-20,,13,60,38114,6,892659a0e17ffff,,yes,yes,Closed,2026-06-30 13:25,yes,2026-07-20,yes,13,60,yes,yes,-89.987448,35.07971,yes,38114,6,yes,,ok,https://311.memphistn.gov/server/rest/services/311/311_Request_Map_PROD/FeatureServer/0/query?where=INCIDENT_NUMBER%3D%278010857%27&outFields=INCIDENT_NUMBER%2CREQUEST_TYPE%2CREQUEST_STATUS%2Ccreated_date%2CClosed_Date&outSR=4326&returnGeometry=true&f=html,https://www.openstreetmap.org/?mlat=35.07971&mlon=-89.987448#map=18/35.07971/-89.987448,,,,,,,
7024659,SWM-Missed Bulk Trash,Closed,2024-01-05 12:19,2024-01-08,,1,673,38119,2,892659b5b43ffff,,yes,yes,Closed,2024-01-05 12:19,yes,2024-01-08,yes,1,673,yes,yes,-89.879705,35.088061,yes,38119,2,yes,,ok,https://311.memphistn.gov/server/rest/services/311/311_Request_Map_PROD/FeatureServer/0/query?where=INCIDENT_NUMBER%3D%277024659%27&outFields=INCIDENT_NUMBER%2CREQUEST_TYPE%2CREQUEST_STATUS%2Ccreated_date%2CClosed_Date&outSR=4326&returnGeometry=true&f=html,https://www.openstreetmap.org/?mlat=35.088061&mlon=-89.879705#map=18/35.088061/-89.879705,,,,,,,
7171020,PW (HE)-Street Cleaning,Closed,2024-10-08 11:06,2024-10-09,,1,484,38114,6,892659a0e17ffff,,yes,yes,Closed,2024-10-08 11:06,yes,2024-10-09,yes,1,484,yes,yes,-89.988653,35.079309,yes,38114,6,yes,,ok,https://311.memphistn.gov/server/rest/services/311/311_Request_Map_PROD/FeatureServer/0/query?where=INCIDENT_NUMBER%3D%277171020%27&outFields=INCIDENT_NUMBER%2CREQUEST_TYPE%2CREQUEST_STATUS%2Ccreated_date%2CClosed_Date&outSR=4326&returnGeometry=true&f=html,https://www.openstreetmap.org/?mlat=35.079309&mlon=-89.988653#map=18/35.079309/-89.988653,,,,,,,
8046799,SWM-Cart Repair,Closed,2026-09-09 11:46,2026-09-25,,12,11,38141,3,892659a4413ffff,,yes,yes,Closed,2026-09-09 11:46,yes,2026-09-25,yes,12,11,yes,yes,-89.859166,35.031603,yes,38141,3,yes,,ok,https://311.memphistn.gov/server/rest/services/311/311_Request_Map_PROD/FeatureServer/0/query?where=INCIDENT_NUMBER%3D%278046799%27&outFields=INCIDENT_NUMBER%2CREQUEST_TYPE%2CREQUEST_STATUS%2Ccreated_date%2CClosed_Date&outSR=4326&returnGeometry=true&f=html,https://www.openstreetmap.org/?mlat=35.031603&mlon=-89.859166#map=18/35.031603/-89.859166,,,,,,,
7226218,SWM-Missed Bulk Trash,Closed,2025-03-24 11:58,2025-04-08,,10,373,38106,4,892659a028fffff,,yes,yes,Closed,2025-03-24 11:58,yes,2025-04-08,yes,10,373,yes,yes,-90.026868,35.112778,yes,38106,4,yes,,ok,https://311.memphistn.gov/server/rest/services/311/311_Request_Map_PROD/FeatureServer/0/query?where=INCIDENT_NUMBER%3D%277226218%27&outFields=INCIDENT_NUMBER%2CREQUEST_TYPE%2CREQUEST_STATUS%2Ccreated_date%2CClosed_Date&outSR=4326&returnGeometry=true&f=html,https://www.openstreetmap.org/?mlat=35.112778&mlon=-90.026868#map=18/35.112778/-90.026868,,,,,,,
7244947,CW-Weeds Vacant Houses,Closed,2025-05-04 20:28,2025-05-06,,2,346,38104,4,892659a051bffff,,yes,yes,Closed,2025-05-04 20:28,yes,2025-05-06,yes,2,346,yes,yes,-89.984285,35.125,yes,38104,4,yes,,ok,https://311.memphistn.gov/server/rest/services/311/311_Request_Map_PROD/FeatureServer/0/query?where=INCIDENT_NUMBER%3D%277244947%27&outFields=INCIDENT_NUMBER%2CREQUEST_TYPE%2CREQUEST_STATUS%2Ccreated_date%2CClosed_Date&outSR=4326&returnGeometry=true&f=html,https://www.openstreetmap.org/?mlat=35.125&mlon=-89.984285#map=18/35.125/-89.984285,,,,,,,
7332417,SWM-Dead Animal Collection,Closed,2025-10-20 11:07,2025-10-22,,2,229,38109,6,892659a114fffff,,yes,yes,Closed,2025-10-20 11:07,yes,2025-10-22,yes,2,229,yes,yes,-90.066792,35.099737,yes,38109,6,yes,,ok,https://311.memphistn.gov/server/rest/services/311/311_Request_Map_PROD/FeatureServer/0/query?where=INCIDENT_NUMBER%3D%277332417%27&outFields=INCIDENT_NUMBER%2CREQUEST_TYPE%2CREQUEST_STATUS%2Ccreated_date%2CClosed_Date&outSR=4326&returnGeometry=true&f=html,https://www.openstreetmap.org/?mlat=35.099737&mlon=-90.066792#map=18/35.099737/-90.066792,,,,,,,
7224564,PW (SM)-Potholes,Closed,2025-03-20 06:25,2025-03-26,,4,375,38134,1,892659b46d3ffff,,yes,yes,Closed,2025-03-20 06:25,yes,2025-03-26,yes,4,375,yes,yes,-89.851621,35.185958,yes,38134,1,yes,,ok,https://311.memphistn.gov/server/rest/services/311/311_Request_Map_PROD/FeatureServer/0/query?where=INCIDENT_NUMBER%3D%277224564%27&outFields=INCIDENT_NUMBER%2CREQUEST_TYPE%2CREQUEST_STATUS%2Ccreated_date%2CClosed_Date&outSR=4326&returnGeometry=true&f=html,https://www.openstreetmap.org/?mlat=35.185958&mlon=-89.851621#map=18/35.185958/-89.851621,,,,,,,
7287123,SWM-Missed Bulk Trash,Closed,2025-06-28 05:32,2025-07-23,,17,308,38119,2,892659b5a33ffff,,yes,yes,Closed,2025-06-28 05:32,yes,2025-07-23,yes,17,308,yes,yes,-89.883919,35.100612,yes,38119,2,yes,,ok,https://311.memphistn.gov/server/rest/services/311/311_Request_Map_PROD/FeatureServer/0/query?where=INCIDENT_NUMBER%3D%277287123%27&outFields=INCIDENT_NUMBER%2CREQUEST_TYPE%2CREQUEST_STATUS%2Ccreated_date%2CClosed_Date&outSR=4326&returnGeometry=true&f=html,https://www.openstreetmap.org/?mlat=35.100612&mlon=-89.883919#map=18/35.100612/-89.883919,,,,,,,
7367560,CE-Code Miscellaneous,Closed,2026-02-20 11:27,2026-02-23,,1,148,38109,6,892659af537ffff,,yes,yes,Closed,2026-02-20 11:27,yes,2026-02-23,yes,1,148,yes,yes,-90.042028,35.016341,yes,38109,6,yes,,ok,https://311.memphistn.gov/server/rest/services/311/311_Request_Map_PROD/FeatureServer/0/query?where=INCIDENT_NUMBER%3D%277367560%27&outFields=INCIDENT_NUMBER%2CREQUEST_TYPE%2CREQUEST_STATUS%2Ccreated_date%2CClosed_Date&outSR=4326&returnGeometry=true&f=html,https://www.openstreetmap.org/?mlat=35.016341&mlon=-90.042028#map=18/35.016341/-90.042028,,,,,,,
7373951,SWM-Missing Recycle Cart,Closed,2026-03-12 10:34,2026-03-13,,1,134,38134,1,892659b55d3ffff,,yes,yes,Closed,2026-03-12 10:34,yes,2026-03-13,yes,1,134,yes,yes,-89.878049,35.179484,yes,38134,1,yes,,ok,https://311.memphistn.gov/server/rest/services/311/311_Request_Map_PROD/FeatureServer/0/query?where=INCIDENT_NUMBER%3D%277373951%27&outFields=INCIDENT_NUMBER%2CREQUEST_TYPE%2CREQUEST_STATUS%2Ccreated_date%2CClosed_Date&outSR=4326&returnGeometry=true&f=html,https://www.openstreetmap.org/?mlat=35.179484&mlon=-89.878049#map=18/35.179484/-89.878049,,,,,,,
7070103,SWM-Missed Bulk Trash,Closed,2024-03-29 09:47,2024-04-25,,18,616,38111,5,892659a2e07ffff,,yes,yes,Closed,2024-03-29 09:47,yes,2024-04-25,yes,18,616,yes,yes,-89.951668,35.127675,yes,38111,5,yes,,ok,https://311.memphistn.gov/server/rest/services/311/311_Request_Map_PROD/FeatureServer/0/query?where=INCIDENT_NUMBER%3D%277070103%27&outFields=INCIDENT_NUMBER%2CREQUEST_TYPE%2CREQUEST_STATUS%2Ccreated_date%2CClosed_Date&outSR=4326&returnGeometry=true&f=html,https://www.openstreetmap.org/?mlat=35.127675&mlon=-89.951668#map=18/35.127675/-89.951668,,,,,,,
7141955,SWM-Missed Bulk Trash,Closed,2024-07-22 19:37,2024-07-31,,7,539,38117,2,892659b5a67ffff,,yes,yes,Closed,2024-07-22 19:37,yes,2024-07-31,yes,7,539,yes,yes,-89.892523,35.093486,yes,38117,2,yes,,ok,https://311.memphistn.gov/server/rest/services/311/311_Request_Map_PROD/FeatureServer/0/query?where=INCIDENT_NUMBER%3D%277141955%27&outFields=INCIDENT_NUMBER%2CREQUEST_TYPE%2CREQUEST_STATUS%2Ccreated_date%2CClosed_Date&outSR=4326&returnGeometry=true&f=html,https://www.openstreetmap.org/?mlat=35.093486&mlon=-89.892523#map=18/35.093486/-89.892523,,,,,,,
7128707,CW-Weeds Vacant Lots,Resolved,2024-06-26 11:34,2024-07-01,,3,556,38127,7,892659b18b3ffff,,yes,yes,Resolved,2024-06-26 11:34,yes,2024-07-01,yes,3,556,yes,yes,-89.994316,35.222507,yes,38127,7,yes,,ok,https://311.memphistn.gov/server/rest/services/311/311_Request_Map_PROD/FeatureServer/0/query?where=INCIDENT_NUMBER%3D%277128707%27&outFields=INCIDENT_NUMBER%2CREQUEST_TYPE%2CREQUEST_STATUS%2Ccreated_date%2CClosed_Date&outSR=4326&returnGeometry=true&f=html,https://www.openstreetmap.org/?mlat=35.222507&mlon=-89.994316#map=18/35.222507/-89.994316,,,,,,,
7197746,"CE-Substandard,Derelict Struc",Closed,2025-01-02 10:45,2025-09-22,,179,428,38119,2,892659b593bffff,,yes,yes,Closed,2025-01-02 10:45,yes,2025-09-22,yes,179,428,yes,yes,-89.840724,35.089968,yes,38119,2,yes,,ok,https://311.memphistn.gov/server/rest/services/311/311_Request_Map_PROD/FeatureServer/0/query?where=INCIDENT_NUMBER%3D%277197746%27&outFields=INCIDENT_NUMBER%2CREQUEST_TYPE%2CREQUEST_STATUS%2Ccreated_date%2CClosed_Date&outSR=4326&returnGeometry=true&f=html,https://www.openstreetmap.org/?mlat=35.089968&mlon=-89.840724#map=18/35.089968/-89.840724,,,,,,,
7405398,CW-Weeds Vacant Lots,Closed,2026-05-23 14:13,2026-06-18,,18,85,38126,6,892659a152bffff,,yes,yes,Closed,2026-05-23 14:13,yes,2026-06-18,yes,18,85,yes,yes,-90.051132,35.116799,yes,38126,6,yes,,ok,https://311.memphistn.gov/server/rest/services/311/311_Request_Map_PROD/FeatureServer/0/query?where=INCIDENT_NUMBER%3D%277405398%27&outFields=INCIDENT_NUMBER%2CREQUEST_TYPE%2CREQUEST_STATUS%2Ccreated_date%2CClosed_Date&outSR=4326&returnGeometry=true&f=html,https://www.openstreetmap.org/?mlat=35.116799&mlon=-90.051132#map=18/35.116799/-90.051132,,,,,,,
7181745,PW (SM)-Potholes,Closed,2024-11-12 16:31,2024-11-13,,1,460,38016,2,892659b45b3ffff,,yes,yes,Closed,2024-11-12 16:31,yes,2024-11-13,yes,1,460,yes,yes,-89.79303,35.168221,yes,38016,2,yes,,ok,https://311.memphistn.gov/server/rest/services/311/311_Request_Map_PROD/FeatureServer/0/query?where=INCIDENT_NUMBER%3D%277181745%27&outFields=INCIDENT_NUMBER%2CREQUEST_TYPE%2CREQUEST_STATUS%2Ccreated_date%2CClosed_Date&outSR=4326&returnGeometry=true&f=html,https://www.openstreetmap.org/?mlat=35.168221&mlon=-89.79303#map=18/35.168221/-89.79303,,,,,,,
7140394,CW-Weeds Vacant Lots,Closed,2024-07-18 09:11,2024-10-04,,55,541,38116,6,892659ae60bffff,,yes,yes,Closed,2024-07-18 09:11,yes,2024-10-04,yes,55,541,yes,yes,-90.02917,35.027786,yes,38116,6,yes,,ok,https://311.memphistn.gov/server/rest/services/311/311_Request_Map_PROD/FeatureServer/0/query?where=INCIDENT_NUMBER%3D%277140394%27&outFields=INCIDENT_NUMBER%2CREQUEST_TYPE%2CREQUEST_STATUS%2Ccreated_date%2CClosed_Date&outSR=4326&returnGeometry=true&f=html,https://www.openstreetmap.org/?mlat=35.027786&mlon=-90.02917#map=18/35.027786/-90.02917,,,,,,,
8036789,CW-Weeds Vacant Lots,Open,2026-08-18 13:13,,,,26,38108,7,892659a2093ffff,,yes,yes,Open,2026-08-18 13:13,yes,,yes,,26,yes,yes,-89.963367,35.177019,yes,38108,7,yes,,ok,https://311.memphistn.gov/server/rest/services/311/311_Request_Map_PROD/FeatureServer/0/query?where=INCIDENT_NUMBER%3D%278036789%27&outFields=INCIDENT_NUMBER%2CREQUEST_TYPE%2CREQUEST_STATUS%2Ccreated_date%2CClosed_Date&outSR=4326&returnGeometry=true&f=html,https://www.openstreetmap.org/?mlat=35.177019&mlon=-89.963367#map=18/35.177019/-89.963367,,,,,,,
7085366,SWM-Cart Repair,Closed,2024-05-07 14:30,2025-09-22,,341,590,38119,2,892659a652fffff,,yes,yes,Closed,2024-05-07 14:30,yes,2025-09-22,yes,341,590,yes,yes,-89.800633,35.053548,yes,38119,2,yes,,ok,https://311.memphistn.gov/server/rest/services/311/311_Request_Map_PROD/FeatureServer/0/query?where=INCIDENT_NUMBER%3D%277085366%27&outFields=INCIDENT_NUMBER%2CREQUEST_TYPE%2CREQUEST_STATUS%2Ccreated_date%2CClosed_Date&outSR=4326&returnGeometry=true&f=html,https://www.openstreetmap.org/?mlat=35.053548&mlon=-89.800633#map=18/35.053548/-89.800633,,,,,,,
7104589,PW (SM)-Potholes,Closed,2024-06-05 06:21,2024-06-10,,3,570,38104,6,892659a312fffff,,yes,yes,Closed,2024-06-05 06:21,yes,2024-06-10,yes,3,570,yes,yes,-90.015174,35.143418,yes,38104,6,yes,,ok,https://311.memphistn.gov/server/rest/services/311/311_Request_Map_PROD/FeatureServer/0/query?where=INCIDENT_NUMBER%3D%277104589%27&outFields=INCIDENT_NUMBER%2CREQUEST_TYPE%2CREQUEST_STATUS%2Ccreated_date%2CClosed_Date&outSR=4326&returnGeometry=true&f=html,https://www.openstreetmap.org/?mlat=35.143418&mlon=-90.015174#map=18/35.143418/-90.015174,,,,,,,
8024122,EN-Maintain Signs,Closed,2026-07-25 11:01,2026-07-28,,2,43,38122,5,892659a2517ffff,,yes,yes,Closed,2026-07-25 11:01,yes,2026-07-28,yes,2,43,yes,yes,-89.941577,35.173091,yes,38122,5,yes,,ok,https://311.memphistn.gov/server/rest/services/311/311_Request_Map_PROD/FeatureServer/0/query?where=INCIDENT_NUMBER%3D%278024122%27&outFields=INCIDENT_NUMBER%2CREQUEST_TYPE%2CREQUEST_STATUS%2Ccreated_date%2CClosed_Date&outSR=4326&returnGeometry=true&f=html,https://www.openstreetmap.org/?mlat=35.173091&mlon=-89.941577#map=18/35.173091/-89.941577,,,,,,,
7215993,SWM-Missed Bulk Trash,Closed,2025-02-26 15:46,2025-03-07,,7,391,38114,4,892659a2a6bffff,,yes,yes,Closed,2025-02-26 15:46,yes,2025-03-07,yes,7,391,yes,yes,-89.969764,35.098939,yes,38114,4,yes,,ok,https://311.memphistn.gov/server/rest/services/311/311_Request_Map_PROD/FeatureServer/0/query?where=INCIDENT_NUMBER%3D%277215993%27&outFields=INCIDENT_NUMBER%2CREQUEST_TYPE%2CREQUEST_STATUS%2Ccreated_date%2CClosed_Date&outSR=4326&returnGeometry=true&f=html,https://www.openstreetmap.org/?mlat=35.098939&mlon=-89.969764#map=18/35.098939/-89.969764,,,,,,,
7040805,SWM-Dead Animal Collection,Closed,2024-01-08 12:54,2024-01-09,,1,672,38133,1,892659b44cfffff,,yes,yes,Closed,2024-01-08 12:54,yes,2024-01-09,yes,1,672,yes,yes,-89.829421,35.18536,yes,38133,1,yes,,ok,https://311.memphistn.gov/server/rest/services/311/311_Request_Map_PROD/FeatureServer/0/query?where=INCIDENT_NUMBER%3D%277040805%27&outFields=INCIDENT_NUMBER%2CREQUEST_TYPE%2CREQUEST_STATUS%2Ccreated_date%2CClosed_Date&outSR=4326&returnGeometry=true&f=html,https://www.openstreetmap.org/?mlat=35.18536&mlon=-89.829421#map=18/35.18536/-89.829421,,,,,,,
7089773,SWM-Missed Bulk Trash,Closed,2024-05-11 23:46,2024-06-12,,22,587,38122,2,892659b5293ffff,,yes,yes,Closed,2024-05-11 23:46,yes,2024-06-12,yes,22,587,yes,yes,-89.918611,35.166222,yes,38122,2,yes,,ok,https://311.memphistn.gov/server/rest/services/311/311_Request_Map_PROD/FeatureServer/0/query?where=INCIDENT_NUMBER%3D%277089773%27&outFields=INCIDENT_NUMBER%2CREQUEST_TYPE%2CREQUEST_STATUS%2Ccreated_date%2CClosed_Date&outSR=4326&returnGeometry=true&f=html,https://www.openstreetmap.org/?mlat=35.166222&mlon=-89.918611#map=18/35.166222/-89.918611,,,,,,,
7403093,SWM-Carts Out After-hours,Closed,2026-05-18 16:05,,missing_close_date,,89,38104,5,892659a04a3ffff,,yes,yes,Closed,2026-05-18 16:05,yes,,yes,,89,yes,yes,-89.989144,35.136208,yes,38104,5,yes,,ok,https://311.memphistn.gov/server/rest/services/311/311_Request_Map_PROD/FeatureServer/0/query?where=INCIDENT_NUMBER%3D%277403093%27&outFields=INCIDENT_NUMBER%2CREQUEST_TYPE%2CREQUEST_STATUS%2Ccreated_date%2CClosed_Date&outSR=4326&returnGeometry=true&f=html,https://www.openstreetmap.org/?mlat=35.136208&mlon=-89.989144#map=18/35.136208/-89.989144,,,,,,,
7360108,SWM-Missed Bulk Trash,Closed,2026-01-16 09:16,2026-01-31,,9,171,38114,6,892659a0ebbffff,,yes,yes,Closed,2026-01-16 09:16,yes,2026-01-31,yes,9,171,yes,yes,-89.984023,35.079976,yes,38114,6,yes,,ok,https://311.memphistn.gov/server/rest/services/311/311_Request_Map_PROD/FeatureServer/0/query?where=INCIDENT_NUMBER%3D%277360108%27&outFields=INCIDENT_NUMBER%2CREQUEST_TYPE%2CREQUEST_STATUS%2Ccreated_date%2CClosed_Date&outSR=4326&returnGeometry=true&f=html,https://www.openstreetmap.org/?mlat=35.079976&mlon=-89.984023#map=18/35.079976/-89.984023,,,,,,,
7095680,SWM-Recycle Cart Repair,Closed,2024-05-24 11:18,2024-06-01,,4,577,38016,2,892659b452bffff,,yes,yes,Closed,2024-05-24 11:18,yes,2024-06-01,yes,4,577,yes,yes,-89.800817,35.156859,yes,38016,2,yes,,ok,https://311.memphistn.gov/server/rest/services/311/311_Request_Map_PROD/FeatureServer/0/query?where=INCIDENT_NUMBER%3D%277095680%27&outFields=INCIDENT_NUMBER%2CREQUEST_TYPE%2CREQUEST_STATUS%2Ccreated_date%2CClosed_Date&outSR=4326&returnGeometry=true&f=html,https://www.openstreetmap.org/?mlat=35.156859&mlon=-89.800817#map=18/35.156859/-89.800817,,,,,,,
7073782,PW (DM)-FLOODING STREET,Closed,2024-04-09 12:16,2024-04-14,,3,610,38127,7,892659b1d7bffff,,yes,yes,Closed,2024-04-09 12:16,yes,2024-04-14,yes,3,610,yes,yes,-89.989542,35.220103,yes,38127,7,yes,,ok,https://311.memphistn.gov/server/rest/services/311/311_Request_Map_PROD/FeatureServer/0/query?where=INCIDENT_NUMBER%3D%277073782%27&outFields=INCIDENT_NUMBER%2CREQUEST_TYPE%2CREQUEST_STATUS%2Ccreated_date%2CClosed_Date&outSR=4326&returnGeometry=true&f=html,https://www.openstreetmap.org/?mlat=35.220103&mlon=-89.989542#map=18/35.220103/-89.989542,,,,,,,
7212033,CE-Vehicle Violations,Closed,2025-02-11 15:09,2025-02-12,,1,401,38128,1,892659b0987ffff,,yes,yes,Closed,2025-02-11 15:09,yes,2025-02-12,yes,1,401,yes,yes,-89.906242,35.206576,yes,38128,1,yes,,ok,https://311.memphistn.gov/server/rest/services/311/311_Request_Map_PROD/FeatureServer/0/query?where=INCIDENT_NUMBER%3D%277212033%27&outFields=INCIDENT_NUMBER%2CREQUEST_TYPE%2CREQUEST_STATUS%2Ccreated_date%2CClosed_Date&outSR=4326&returnGeometry=true&f=html,https://www.openstreetmap.org/?mlat=35.206576&mlon=-89.906242#map=18/35.206576/-89.906242,,,,,,,
7076919,SWM-Missed Bulk Trash,Closed,2024-04-16 11:26,2024-04-25,,7,605,38116,3,892659ae487ffff,,yes,yes,Closed,2024-04-16 11:26,yes,2024-04-25,yes,7,605,yes,yes,-89.994139,35.039054,yes,38116,3,yes,,ok,https://311.memphistn.gov/server/rest/services/311/311_Request_Map_PROD/FeatureServer/0/query?where=INCIDENT_NUMBER%3D%277076919%27&outFields=INCIDENT_NUMBER%2CREQUEST_TYPE%2CREQUEST_STATUS%2Ccreated_date%2CClosed_Date&outSR=4326&returnGeometry=true&f=html,https://www.openstreetmap.org/?mlat=35.039054&mlon=-89.994139#map=18/35.039054/-89.994139,,,,,,,
7129521,CE-Weeds Occupied Property,Closed,2024-06-27 15:18,2025-09-22,,306,555,38141,3,892659a634fffff,,yes,yes,Closed,2024-06-27 15:18,yes,2025-09-22,yes,306,555,yes,yes,-89.846111,35.032227,yes,38141,3,yes,,ok,https://311.memphistn.gov/server/rest/services/311/311_Request_Map_PROD/FeatureServer/0/query?where=INCIDENT_NUMBER%3D%277129521%27&outFields=INCIDENT_NUMBER%2CREQUEST_TYPE%2CREQUEST_STATUS%2Ccreated_date%2CClosed_Date&outSR=4326&returnGeometry=true&f=html,https://www.openstreetmap.org/?mlat=35.032227&mlon=-89.846111#map=18/35.032227/-89.846111,,,,,,,
7024937,EE-Illegal Dumping,Closed,2024-01-07 18:55,2024-01-25,,13,673,38105,7,892659a3157ffff,,yes,yes,Closed,2024-01-07 18:55,yes,2024-01-25,yes,13,673,yes,yes,-90.02546,35.153873,yes,38105,7,yes,,ok,https://311.memphistn.gov/server/rest/services/311/311_Request_Map_PROD/FeatureServer/0/query?where=INCIDENT_NUMBER%3D%277024937%27&outFields=INCIDENT_NUMBER%2CREQUEST_TYPE%2CREQUEST_STATUS%2Ccreated_date%2CClosed_Date&outSR=4326&returnGeometry=true&f=html,https://www.openstreetmap.org/?mlat=35.153873&mlon=-90.02546#map=18/35.153873/-90.02546,,,,,,,
7235124,SWM-Garbage Missed,Closed,2025-04-11 16:29,2025-04-14,,1,360,38141,3,892659a632fffff,7233708,yes,yes,Closed,2025-04-11 16:29,yes,2025-04-14,yes,1,360,yes,yes,-89.831659,35.024097,yes,38141,3,yes,7233708 7234370,ok,https://311.memphistn.gov/server/rest/services/311/311_Request_Map_PROD/FeatureServer/0/query?where=INCIDENT_NUMBER%3D%277235124%27&outFields=INCIDENT_NUMBER%2CREQUEST_TYPE%2CREQUEST_STATUS%2Ccreated_date%2CClosed_Date&outSR=4326&returnGeometry=true&f=html,https://www.openstreetmap.org/?mlat=35.024097&mlon=-89.831659#map=18/35.024097/-89.831659,,,,,,,
7248403,SWM-Garbage Missed,Closed,2025-05-12 14:21,2025-09-22,,91,340,38127,7,892659b1833ffff,,yes,yes,Closed,2025-05-12 14:21,yes,2025-09-22,yes,91,340,yes,yes,-90.000039,35.215863,yes,38127,7,yes,,ok,https://311.memphistn.gov/server/rest/services/311/311_Request_Map_PROD/FeatureServer/0/query?where=INCIDENT_NUMBER%3D%277248403%27&outFields=INCIDENT_NUMBER%2CREQUEST_TYPE%2CREQUEST_STATUS%2Ccreated_date%2CClosed_Date&outSR=4326&returnGeometry=true&f=html,https://www.openstreetmap.org/?mlat=35.215863&mlon=-90.000039#map=18/35.215863/-90.000039,,,,,,,
7393936,SWM-Missed Bulk Trash,Closed,2026-04-28 12:05,2026-04-28,,0,103,38128,1,892659b0d67ffff,,yes,yes,Closed,2026-04-28 12:05,yes,2026-04-28,yes,0,103,yes,yes,-89.912358,35.212584,yes,38128,1,yes,,ok,https://311.memphistn.gov/server/rest/services/311/311_Request_Map_PROD/FeatureServer/0/query?where=INCIDENT_NUMBER%3D%277393936%27&outFields=INCIDENT_NUMBER%2CREQUEST_TYPE%2CREQUEST_STATUS%2Ccreated_date%2CClosed_Date&outSR=4326&returnGeometry=true&f=html,https://www.openstreetmap.org/?mlat=35.212584&mlon=-89.912358#map=18/35.212584/-89.912358,,,,,,,
7235608,EN-Maintain Signs,Closed,2025-04-14 09:34,2025-04-24,,7,359,38119,2,892659a66d3ffff,,yes,yes,Closed,2025-04-14 09:34,yes,2025-04-24,yes,7,359,yes,yes,-89.854233,35.083749,yes,38119,2,yes,,ok,https://311.memphistn.gov/server/rest/services/311/311_Request_Map_PROD/FeatureServer/0/query?where=INCIDENT_NUMBER%3D%277235608%27&outFields=INCIDENT_NUMBER%2CREQUEST_TYPE%2CREQUEST_STATUS%2Ccreated_date%2CClosed_Date&outSR=4326&returnGeometry=true&f=html,https://www.openstreetmap.org/?mlat=35.083749&mlon=-89.854233#map=18/35.083749/-89.854233,,,,,,,
7341876,EN-Maintain Signs,Closed,2025-11-18 08:36,2026-01-22,,41,209,38104,6,892659a046bffff,,yes,yes,Closed,2025-11-18 08:36,yes,2026-01-22,yes,41,209,yes,yes,-90.010206,35.130442,yes,38104,6,yes,,ok,https://311.memphistn.gov/server/rest/services/311/311_Request_Map_PROD/FeatureServer/0/query?where=INCIDENT_NUMBER%3D%277341876%27&outFields=INCIDENT_NUMBER%2CREQUEST_TYPE%2CREQUEST_STATUS%2Ccreated_date%2CClosed_Date&outSR=4326&returnGeometry=true&f=html,https://www.openstreetmap.org/?mlat=35.130442&mlon=-90.010206#map=18/35.130442/-90.010206,,,,,,,
7287177,EE-Illegal Dumping,Closed,2025-06-28 12:03,2025-07-02,,3,308,38119,2,892659b5937ffff,,yes,yes,Closed,2025-06-28 12:03,yes,2025-07-02,yes,3,308,yes,yes,-89.834078,35.087052,yes,38119,2,yes,,ok,https://311.memphistn.gov/server/rest/services/311/311_Request_Map_PROD/FeatureServer/0/query?where=INCIDENT_NUMBER%3D%277287177%27&outFields=INCIDENT_NUMBER%2CREQUEST_TYPE%2CREQUEST_STATUS%2Ccreated_date%2CClosed_Date&outSR=4326&returnGeometry=true&f=html,https://www.openstreetmap.org/?mlat=35.087052&mlon=-89.834078#map=18/35.087052/-89.834078,,,,,,,
7311777,SWM-Cart Lease Application,Closed,2025-08-19 16:32,2025-10-28,,49,272,38016,1,892659b6167ffff,,yes,yes,Closed,2025-08-19 16:32,yes,2025-10-28,yes,49,272,yes,yes,-89.773827,35.183806,yes,38016,1,yes,,ok,https://311.memphistn.gov/server/rest/services/311/311_Request_Map_PROD/FeatureServer/0/query?where=INCIDENT_NUMBER%3D%277311777%27&outFields=INCIDENT_NUMBER%2CREQUEST_TYPE%2CREQUEST_STATUS%2Ccreated_date%2CClosed_Date&outSR=4326&returnGeometry=true&f=html,https://www.openstreetmap.org/?mlat=35.183806&mlon=-89.773827#map=18/35.183806/-89.773827,,,,,,,
7330637,EMI-Sewer Backup,Closed,2025-10-14 13:30,2025-10-14,,0,233,38104,4,892659a043bffff,,yes,yes,Closed,2025-10-14 13:30,yes,2025-10-14,yes,0,233,yes,yes,-89.997936,35.130878,yes,38104,4,yes,,ok,https://311.memphistn.gov/server/rest/services/311/311_Request_Map_PROD/FeatureServer/0/query?where=INCIDENT_NUMBER%3D%277330637%27&outFields=INCIDENT_NUMBER%2CREQUEST_TYPE%2CREQUEST_STATUS%2Ccreated_date%2CClosed_Date&outSR=4326&returnGeometry=true&f=html,https://www.openstreetmap.org/?mlat=35.130878&mlon=-89.997936#map=18/35.130878/-89.997936,,,,,,,
7410492,SWM-Service Quality,Closed,2026-06-03 11:12,2026-06-03,,0,78,38128,7,892659b0b5bffff,,yes,yes,Closed,2026-06-03 11:12,yes,2026-06-03,yes,0,78,yes,yes,-89.954323,35.196726,yes,38128,7,yes,,ok,https://311.memphistn.gov/server/rest/services/311/311_Request_Map_PROD/FeatureServer/0/query?where=INCIDENT_NUMBER%3D%277410492%27&outFields=INCIDENT_NUMBER%2CREQUEST_TYPE%2CREQUEST_STATUS%2Ccreated_date%2CClosed_Date&outSR=4326&returnGeometry=true&f=html,https://www.openstreetmap.org/?mlat=35.196726&mlon=-89.954323#map=18/35.196726/-89.954323,,,,,,,
7053991,SWM-Missed Bulk Trash,Closed,2024-02-12 10:56,2024-02-14,,2,648,38117,5,892659a2cb3ffff,,yes,yes,Closed,2024-02-12 10:56,yes,2024-02-14,yes,2,648,yes,yes,-89.918564,35.138618,yes,38117,5,yes,,ok,https://311.memphistn.gov/server/rest/services/311/311_Request_Map_PROD/FeatureServer/0/query?where=INCIDENT_NUMBER%3D%277053991%27&outFields=INCIDENT_NUMBER%2CREQUEST_TYPE%2CREQUEST_STATUS%2Ccreated_date%2CClosed_Date&outSR=4326&returnGeometry=true&f=html,https://www.openstreetmap.org/?mlat=35.138618&mlon=-89.918564#map=18/35.138618/-89.918564,,,,,,,
7093567,CE-Vehicle Violations,Closed,2024-05-20 15:45,2025-03-11,,199,581,38122,5,892659b520fffff,,yes,yes,Closed,2024-05-20 15:45,yes,2025-03-11,yes,199,581,yes,yes,-89.924996,35.152791,yes,38122,5,yes,,ok,https://311.memphistn.gov/server/rest/services/311/311_Request_Map_PROD/FeatureServer/0/query?where=INCIDENT_NUMBER%3D%277093567%27&outFields=INCIDENT_NUMBER%2CREQUEST_TYPE%2CREQUEST_STATUS%2Ccreated_date%2CClosed_Date&outSR=4326&returnGeometry=true&f=html,https://www.openstreetmap.org/?mlat=35.152791&mlon=-89.924996#map=18/35.152791/-89.924996,,,,,,,
7394742,SWM-Missed Bulk Trash,Closed,2026-04-29 14:09,2026-05-12,,9,102,38117,2,892659b5337ffff,,yes,yes,Closed,2026-04-29 14:09,yes,2026-05-12,yes,9,102,yes,yes,-89.896383,35.133186,yes,38117,2,yes,,ok,https://311.memphistn.gov/server/rest/services/311/311_Request_Map_PROD/FeatureServer/0/query?where=INCIDENT_NUMBER%3D%277394742%27&outFields=INCIDENT_NUMBER%2CREQUEST_TYPE%2CREQUEST_STATUS%2Ccreated_date%2CClosed_Date&outSR=4326&returnGeometry=true&f=html,https://www.openstreetmap.org/?mlat=35.133186&mlon=-89.896383#map=18/35.133186/-89.896383,,,,,,,
8036935,SWM-Missed Bulk Trash,Closed,2026-08-18 16:05,2026-08-27,,7,26,38116,3,892659ae2d3ffff,,yes,yes,Closed,2026-08-18 16:05,yes,2026-08-27,yes,7,26,yes,yes,-90.034963,35.018087,yes,38116,3,yes,,ok,https://311.memphistn.gov/server/rest/services/311/311_Request_Map_PROD/FeatureServer/0/query?where=INCIDENT_NUMBER%3D%278036935%27&outFields=INCIDENT_NUMBER%2CREQUEST_TYPE%2CREQUEST_STATUS%2Ccreated_date%2CClosed_Date&outSR=4326&returnGeometry=true&f=html,https://www.openstreetmap.org/?mlat=35.018087&mlon=-90.034963#map=18/35.018087/-90.034963,,,,,,,
7376272,SWM-Recycle Cart Repair,Closed,2026-03-18 14:05,2026-03-24,,4,130,38016,1,892659b6163ffff,,yes,yes,Closed,2026-03-18 14:05,yes,2026-03-24,yes,4,130,yes,yes,-89.777054,35.186062,yes,38016,1,yes,,ok,https://311.memphistn.gov/server/rest/services/311/311_Request_Map_PROD/FeatureServer/0/query?where=INCIDENT_NUMBER%3D%277376272%27&outFields=INCIDENT_NUMBER%2CREQUEST_TYPE%2CREQUEST_STATUS%2Ccreated_date%2CClosed_Date&outSR=4326&returnGeometry=true&f=html,https://www.openstreetmap.org/?mlat=35.186062&mlon=-89.777054#map=18/35.186062/-89.777054,,,,,,,
7335903,SWM-Missed Bulk Trash,Closed,2025-10-29 12:05,2025-11-06,,6,222,38117,5,892659a2c2bffff,,yes,yes,Closed,2025-10-29 12:05,yes,2025-11-06,yes,6,222,yes,yes,-89.928112,35.126208,yes,38117,5,yes,,ok,https://311.memphistn.gov/server/rest/services/311/311_Request_Map_PROD/FeatureServer/0/query?where=INCIDENT_NUMBER%3D%277335903%27&outFields=INCIDENT_NUMBER%2CREQUEST_TYPE%2CREQUEST_STATUS%2Ccreated_date%2CClosed_Date&outSR=4326&returnGeometry=true&f=html,https://www.openstreetmap.org/?mlat=35.126208&mlon=-89.928112#map=18/35.126208/-89.928112,,,,,,,
