"group","measure","value","moe","ci_low","ci_high","interval","count"
"citywide","pct_black_nh",0.626120348942602,0.0115756463333269,0.614544702609275,0.637695995275929,"ACS 90% margin of error",NA
"fast_core","pct_black_nh",0.793055236010703,0.0247024272666636,0.768352808744039,0.817757663277366,"ACS 90% margin of error",NA
"other","pct_black_nh",0.516761537586699,0.0150423488229643,0.501719188763735,0.531803886409663,"ACS 90% margin of error",NA
"slow_core","pct_black_nh",0.891669093026641,0.0158368644939068,0.875832228532735,0.907505957520548,"ACS 90% margin of error",NA
"citywide","pct_poverty",0.230736044391236,0.0105036923927617,0.220232351998475,0.241239736783998,"ACS 90% margin of error",NA
"fast_core","pct_poverty",0.268194432114664,0.0270330573086448,0.241161374806019,0.295227489423309,"ACS 90% margin of error",NA
"other","pct_poverty",0.196699228368632,0.0120108966000428,0.184688331768589,0.208710124968675,"ACS 90% margin of error",NA
"slow_core","pct_poverty",0.320166530342159,0.0303619852187162,0.289804545123443,0.350528515560875,"ACS 90% margin of error",NA
"citywide","pct_renter",0.547917933816114,0.0102318684665476,0.537686065349567,0.558149802282662,"ACS 90% margin of error",NA
"fast_core","pct_renter",0.607563768645415,0.0266537147584691,0.580910053886946,0.634217483403885,"ACS 90% margin of error",NA
"other","pct_renter",0.525991039989748,0.0124284311243308,0.513562608865417,0.538419471114079,"ACS 90% margin of error",NA
"slow_core","pct_renter",0.53779549851366,0.0270819283457874,0.510713570167873,0.564877426859448,"ACS 90% margin of error",NA
"citywide","pct_no_vehicle",0.102183469176578,0.00573189858323887,0.0964515705933388,0.107915367759817,"ACS 90% margin of error",NA
"fast_core","pct_no_vehicle",0.128527970510975,0.0149315564557226,0.113596414055252,0.143459526966698,"ACS 90% margin of error",NA
"other","pct_no_vehicle",0.0884529351234825,0.00688391938107674,0.0815690157424057,0.0953368545045592,"ACS 90% margin of error",NA
"slow_core","pct_no_vehicle",0.120794601991224,0.0153956091897899,0.105398992801434,0.136190211181013,"ACS 90% margin of error",NA
"citywide","pct_vacant",0.126417532083275,0.00517124634430956,0.121246285738965,0.131588778427585,"ACS 90% margin of error",NA
"fast_core","pct_vacant",0.139631770561603,0.0133871241819185,0.126244646379685,0.153018894743522,"ACS 90% margin of error",NA
"other","pct_vacant",0.113696134641976,0.00642226050712686,0.107273874134849,0.120118395149103,"ACS 90% margin of error",NA
"slow_core","pct_vacant",0.155724643454705,0.0120884155455151,0.14363622790919,0.16781305900022,"ACS 90% margin of error",NA
"fast_core","renovation_permits_per_1000_hu",27.289709481675,NA,25.7958874201858,28.8474762227141,"95% Poisson interval",1247
"other","renovation_permits_per_1000_hu",26.9443704453488,NA,26.2036705316818,27.7006980828354,"95% Poisson interval",5014
"slow_core","renovation_permits_per_1000_hu",31.2524898414469,NA,29.7250436574753,32.8380779447505,"95% Poisson interval",1569
"citywide","renovation_permits_per_1000_hu",27.116720363541,NA,26.5201759094312,27.7232996562517,"95% Poisson interval",7851
"fast_core","new_home_permits_per_1000_hu",9.73850899706926,NA,8.85459513927155,10.6867722650467,"95% Poisson interval",445
"other","new_home_permits_per_1000_hu",5.90046245492481,NA,5.55657377721337,6.26006287089609,"95% Poisson interval",1098
"slow_core","new_home_permits_per_1000_hu",5.65691976734922,NA,5.01807046320477,6.35456806275553,"95% Poisson interval",284
"citywide","new_home_permits_per_1000_hu",6.38629677139057,NA,6.09849087609788,6.68417782007826,"95% Poisson interval",1849
"fast_core","demolitions_per_1000_hu",7.70327003813119,NA,6.91946090695157,8.5515530938904,"95% Poisson interval",352
"other","demolitions_per_1000_hu",6.60443384071274,NA,6.24031058371148,6.98426020192679,"95% Poisson interval",1229
"slow_core","demolitions_per_1000_hu",7.76830531431758,NA,7.01636311756808,8.57887948165946,"95% Poisson interval",390
"citywide","demolitions_per_1000_hu",6.93546993886007,NA,6.63540577002335,7.24560610128813,"95% Poisson interval",2008
"fast_core","requests_per_1000_residents",62.9441101544862,NA,61.366350029538,64.5521736738439,"95% Poisson interval",6038
"other","requests_per_1000_residents",68.367059697446,NA,67.5573379090282,69.1840645304887,"95% Poisson interval",27225
"slow_core","requests_per_1000_residents",80.1699665162323,NA,78.5046329589663,81.861729778975,"95% Poisson interval",8811
"citywide","requests_per_1000_residents",68.4049584213678,NA,67.7545533381311,69.0600525857798,"95% Poisson interval",42292
