"spec","step","requests"
"primary","in_window",42292
"primary","close_problem",211
"primary","timing_records",42081
"primary","in_excluded_types",4164
"primary","not_yet_observable",647
"primary","analysed",37270
"primary","in_suppressed_tracts",189
"knn6","in_window",42292
"knn6","close_problem",211
"knn6","timing_records",42081
"knn6","in_excluded_types",4164
"knn6","not_yet_observable",647
"knn6","analysed",37270
"knn6","in_suppressed_tracts",189
"y2025","in_window",25503
"y2025","close_problem",209
"y2025","timing_records",25294
"y2025","in_excluded_types",355
"y2025","not_yet_observable",0
"y2025","analysed",24939
"y2025","in_suppressed_tracts",244
"no_swm","in_window",42292
"no_swm","close_problem",211
"no_swm","in_excluded_categories",24831
"no_swm","timing_records",17250
"no_swm","in_excluded_types",3899
"no_swm","not_yet_observable",647
"no_swm","analysed",12704
"no_swm","in_suppressed_tracts",528
