"geo_id","name","zip","nbhd","residents","eligible_requests","observed","expected","ratio","ci_low","ci_high","eb_smoothed","eb_z","Ii","p","q","class_primary","class_knn6","ratio_knn6","class_y2025","ratio_y2025","class_no_swm","ratio_no_swm","observed_share","expected_share"
"47157000100","Census Tract 1","38107",NA,5420,54,14,22.8939367972675,0.611515621973368,0.380191161316129,0.918264126369968,0.708359348527738,-1.2475934356047,1.11243529303286,0.0038,0.015424347826087,"LL","LL",0.611515621973368,"HL_unadj",1.02364864084134,"LL_unadj",0.684527575191017,0.259259259259259,0.423961792541991
"47157000200","Census Tract 2","38107",NA,1100,57,9,25.5743454554213,0.351915164972176,0.190245482981506,0.609869405391073,0.496578946602185,-2.11739207883834,2.79131510307143,0.00306,0.0135087804878049,"LL","LL",0.351915164972176,"ns",0.557391402745716,"suppressed",0.400005347048654,0.157894736842105,0.448672727288093
"47157000300","Census Tract 3","38107",NA,535,82,15,35.5936990271144,0.421422903772192,0.262884672729834,0.645338785789026,0.5220708333436,-1.94928479161547,2.70875379641092,2e-05,0.000905,"LL","LL",0.421422903772192,"LL",0.613598219838546,"LL_unadj",0.59631195438079,0.182926829268293,0.434069500330663
"47157000400","Census Tract 4","38107",NA,1359,90,23,41.525085160854,0.553882066970023,0.383076479540328,0.768063062730687,0.620671218485111,-1.52482891853875,1.94489150826696,8e-05,0.001448,"LL","LL",0.553882066970023,"LL",0.638502469633324,"ns",0.962717708058348,0.255555555555556,0.4613898351206
"47157000600","Census Tract 6","38108",NA,1578,116,34,52.8721415335662,0.64306076912763,0.478221487707266,0.837000750223755,0.686515083983886,-1.23984673690589,1.38375101094516,0.00048,0.00394909090909091,"LL","LL",0.64306076912763,"LL",0.839397118226481,"ns",0.783744760124192,0.293103448275862,0.455794323565226
"47157000700","Census Tract 7","38107",NA,3702,228,69,103.896352554642,0.664123410527917,0.541331386663074,0.801268586569023,0.686219877571368,-1.20326452121855,1.03380139965399,0.00892,0.0297498181818182,"LL","ns",0.664123410527917,"LL",0.545120908801845,"ns",0.925414203176496,0.302631578947368,0.455685756818607
"47157000800","Census Tract 8","38108",NA,2102,172,51,78.2928743272804,0.651400276694524,0.51254452235855,0.80978821052059,0.681248849308354,-1.23552519120698,1.14575044693404,0.00902,0.0297498181818182,"LL","LL",0.651400276694524,"LL",0.933942214575513,"ns",0.903843966756033,0.296511627906977,0.45519112980977
"47157000900","Census Tract 9","38108",NA,2435,180,55,82.2528460279259,0.668669871694492,0.531572726931282,0.823549803621276,0.695787375598746,-1.17672325669844,0.493936204352582,0.20334,0.328611964285714,"ns","ns",0.668669871694492,"ns",0.65177881499484,"ns",0.829457930803851,0.305555555555556,0.456960255710699
"47157001100","Census Tract 11","38122",NA,3602,172,81,78.3464415736115,1.03386954624985,0.873288941263968,1.19723855479204,1.0309511638846,0.120441669925039,-0.0293201363573746,0.77986,0.811233678160919,"ns","ns",1.03386954624985,"ns",1.38719102293552,"ns",0.992114656040007,0.47093023255814,0.455502567288439
"47157001200","Census Tract 12","38122",NA,4215,230,126,105.833990649747,1.19054378679711,1.05019364873624,1.3274790705553,1.17819658858686,0.683597538232205,0.311488139743518,0.29358,0.402560454545455,"ns","ns",1.19054378679711,"LH_unadj",0.961194118865657,"ns",1.2043553538694,0.547826086956522,0.460147785433683
"47157001300","Census Tract 13","38122",NA,4247,230,118,105.656259108008,1.1168292441565,0.976904440228917,1.2558211575404,1.10924532955718,0.419265843951363,0.222872913685606,0.30574,0.412257226277372,"ns","ns",1.1168292441565,"ns",0.962990899631561,"ns",1.14354117637328,0.51304347826087,0.459375039600037
"47157001400","Census Tract 14","38112","Midtown",1601,122,70,55.5817053679956,1.25940720128222,1.06474892486383,1.4441796491287,1.22898179376584,0.904031850942307,-0.0654568167465847,0.88728,0.892209333333333,"ns","ns",1.25940720128222,"ns",1.28775126116681,"ns",0.915282018024642,0.573770491803279,0.455587748917997
"47157001500","Census Tract 15","38112","Midtown",1919,209,98,94.6126304332616,1.03580250914943,0.888940566311405,1.18514435211225,1.03321631729487,0.128256165927448,0.0282093307086847,0.78856,0.815596342857143,"ns","ns",1.03580250914943,"ns",1.18474575602728,"ns",1.00962931001849,0.4688995215311,0.4526920116424
"47157001600","Census Tract 16","38107",NA,3052,161,63,69.1474186841413,0.911096917265674,0.743425376859692,1.090564105692,0.919916059587614,-0.312450861967926,0.00583467030046929,0.91612,0.91612,"ns","ns",0.911096917265674,"ns",0.972110921297533,"ns",1.01284472338199,0.391304347826087,0.429487072572306
"47157001700","Census Tract 17","38107",NA,3625,241,98,109.589690484582,0.894244700999385,0.76212163641795,1.03281025979218,0.900882247327417,-0.379205572214096,0.133351505649454,0.23744,0.355178842975207,"ns","ns",0.894244700999385,"ns",0.837232995900229,"ns",0.85479210543003,0.406639004149378,0.454729006160091
"47157001900","Census Tract 19","38107",NA,1263,96,21,44.514439205248,0.47175703827634,0.318667190487038,0.671521218740815,0.54582527404363,-1.81566151687602,1.89332425668412,0.00428,0.0159575510204082,"LL","LL",0.47175703827634,"LL",0.73163079797863,"LL",0.892015834164114,0.21875,0.463692075054667
"47157002000","Census Tract 20","38107",NA,1033,113,20,51.4272749873676,0.388898692472287,0.258394043352463,0.566072348431459,0.46509354523375,-2.11941371051219,2.00818064526867,0.00904,0.0297498181818182,"LL","LL",0.388898692472287,"ns",0.516208866449198,"LL_unadj",0.448708047598383,0.176991150442478,0.455108628206793
"47157002100","Census Tract 21","38105","Downtown",1533,83,26,36.189163068578,0.718447120502078,0.512859528459496,0.96192712238853,0.766738236346447,-0.949776531516329,1.00979726667091,0.01216,0.0386133333333333,"LL","LL",0.718447120502078,"ns",1.14447269988678,"LL_unadj",0.737116878432286,0.313253012048193,0.436014012874434
"47157002400","Census Tract 24","38105","Downtown",2057,109,47,48.1207675555663,0.976709275173715,0.774968292573974,1.18906198805561,0.979798567867305,-0.0800266190361849,-0.0364241336283618,0.04278,0.111806285714286,"HL_unadj","ns",0.976709275173715,"ns",0.986915823873516,"LL_unadj",0.563701288360962,0.431192660550459,0.441474931702443
"47157002500","Census Tract 25","38104","Midtown",2969,231,102,104.307242144972,0.977880326451682,0.839331021796971,1.12066382472947,0.979329022305791,-0.0788851026896692,-0.0161179004868056,0.34336,0.443915428571429,"ns","ns",0.977880326451682,"ns",1.00671180340616,"LL_unadj",0.741578229602954,0.441558441558442,0.451546502792087
"47157002600","Census Tract 26","38112","Midtown",2414,155,74,70.3314332274807,1.05216112631537,0.882171722813355,1.22455755640467,1.04720177198125,0.1843696197561,0.0260972237155538,0.84436,0.858590786516854,"ns","ns",1.05216112631537,"ns",1.03148880327047,"ns",0.713858821630374,0.47741935483871,0.453751182112779
"47157002700","Census Tract 27","38112","Midtown",1627,111,60,48.1717368578992,1.2455436302202,1.0323724780032,1.45246524771254,1.21235234810478,0.84702862563298,0.398902946402204,0.40922,0.521611408450704,"ns","ns",1.2455436302202,"ns",1.01826085732597,"ns",1.16279389288552,0.540540540540541,0.433979611332426
"47157002800","Census Tract 28","38112","Midtown",2735,212,122,95.845433797036,1.27288275681812,1.12403011778223,1.41579329709792,1.25338764885652,0.975346301108645,0.696077784099565,0.05728,0.132918974358974,"ns","ns",1.27288275681812,"ns",1.17763373543343,"ns",1.23069835494675,0.575471698113208,0.452101102816208
"47157002900","Census Tract 29","38111",NA,4127,381,192,173.175330764038,1.10870294950735,0.998715198696467,1.21851777859346,1.10426985020036,0.395127495239345,0.235614512338065,0.15364,0.27185145631068,"ns","ns",1.10870294950735,"ns",1.11765435024987,"ns",1.0626162646751,0.503937007874016,0.454528427202199
"47157003000","Census Tract 30","38111",NA,2512,216,110,98.0889506891371,1.12143110133384,0.975554450443781,1.26659518394127,1.11291488020475,0.434548649069028,0.259160082889617,0.24198,0.358905483870968,"ns","ns",1.12143110133384,"ns",1.18114420191107,"ns",0.929095606378362,0.509259259259259,0.454115512449709
"47157003100","Census Tract 31","38104","Midtown",3524,263,132,118.816519850413,1.11095662594885,0.978105464694181,1.24368662531107,1.1044862861641,0.399612154624101,0.241695142685692,0.12756,0.237996530612245,"ns","ns",1.11095662594885,"HH_unadj",1.10096204761781,"ns",0.999913442794189,0.501901140684411,0.451773839735411
"47157003200","Census Tract 32","38104","Midtown",3707,220,100,101.549112471077,0.98474518946172,0.845108737287781,1.12776158573906,0.985760926301552,-0.0542480959566883,0.0187360497065799,0.55566,0.657349411764706,"ns","ns",0.98474518946172,"ns",1.02505432752324,"ns",0.943410974706076,0.454545454545455,0.461586874868531
"47157003300","Census Tract 33","38104","Midtown",2234,199,90,88.0920800747932,1.02165824582172,0.868959649163531,1.17844150511668,1.01995325099845,0.0774725707989939,0.10574161005679,0.15216,0.27185145631068,"ns","ns",1.02165824582172,"HH",1.19274440545571,"ns",0.844355179207108,0.452261306532663,0.442673769220066
"47157003400","Census Tract 34","38104","Midtown",2251,167,85,76.4947914590867,1.11118676682009,0.947087725151868,1.27440396339956,1.10146838724744,0.394212612988983,0.151204010530529,0.4694,0.581588707482993,"ns","ns",1.11118676682009,"ns",1.33199272273001,"ns",0.904990488240115,0.508982035928144,0.458052643467585
"47157003500","Census Tract 35","38104","Midtown",2937,209,115,95.7574420137521,1.20095104444712,1.05309048268699,1.3448535066504,1.18669157267762,0.718536229112902,0.429877217595122,0.15868,0.273534095238095,"ns","ns",1.20095104444712,"HH_unadj",1.36052013176214,"ns",0.954561615869995,0.550239234449761,0.458169579013168
"47157003600","Census Tract 36","38104","Midtown",1145,151,71,67.12936949423,1.05765927097085,0.882480395328191,1.23616427393021,1.0519032258062,0.203227152009975,0.144047987033688,0.27328,0.385066976744186,"ns","ns",1.05765927097085,"ns",1.0723049811176,"ns",0.744639258628059,0.470198675496689,0.444565360888941
"47157003700","Census Tract 37","38104","Midtown",1282,23,12,10.2152485654995,1.1747144401878,0.742167901130029,1.59325088271853,NA,NA,NA,NA,NA,"suppressed","suppressed",1.1747144401878,"suppressed",1.05323234080498,"suppressed",1.01928989952183,0.521739130434783,0.444141241978239
"47157003800","Census Tract 38","38104","Midtown",699,14,2,4.82890637200058,0.414172453538671,0.116240584214923,1.15798334007856,NA,NA,NA,NA,NA,"suppressed","suppressed",0.414172453538671,"suppressed",0.643117452636614,"suppressed",0.414172453538671,0.142857142857143,0.344921883714327
"47157003900","Census Tract 39","38105","Downtown",1384,19,5,8.64091867891042,0.578642177504033,0.259604149656404,1.0728482717018,NA,NA,NA,NA,NA,"suppressed","suppressed",0.578642177504033,"suppressed",1.17055692521298,"suppressed",0.321776589322175,0.263157894736842,0.454785193626864
"47157004200","Census Tract 42","38103","Downtown",3445,101,42,45.5199938154951,0.922671478608662,0.720072343513109,1.13895451250531,0.933454683256514,-0.265571260502493,0.0488900228776881,0.5523,0.657349411764706,"ns","ns",0.922671478608662,"ns",0.952727599595493,"ns",0.8605024973725,0.415841584158416,0.450693008074209
"47157004300","Census Tract 43","38103","Downtown",2926,28,11,11.9408442832405,0.921207892765084,0.552590091213518,1.35044618407641,NA,NA,NA,NA,NA,"suppressed","suppressed",0.921207892765084,"ns",1.37614195470214,"suppressed",0.829921682461539,0.392857142857143,0.426458724401447
"47157004500","Census Tract 45","38126","South Memphis",673,36,18,15.8497624026983,1.1356637117119,0.783024807069211,1.48830261635458,1.09233311494722,0.415369076648109,0.273683004393465,0.30966,0.412257226277372,"ns","ns",1.1356637117119,"ns",1.32148922391519,"suppressed",1.02388245686883,0.5,0.44027117785273
"47157004600","Census Tract 46","38104","Midtown",1559,59,33,26.367634632832,1.25153433212813,0.968639004023564,1.51820121958392,1.19670100852391,0.825113295106736,0.524331914622975,0.12666,0.237996530612245,"ns","ns",1.25153433212813,"HH_unadj",1.23985311217737,"ns",1.12439056694888,0.559322033898305,0.446909061573424
"47157005000","Census Tract 50","38126","South Memphis",968,64,35,28.1665970451899,1.24260662173165,0.967355132645947,1.50579615110628,1.19183723820916,0.800268677574426,0.427376179856519,0.28638,0.397702595419847,"ns","ns",1.24260662173165,"ns",1.10284227804712,"ns",1.0835977300729,0.546875,0.440103078831093
"47157005300","Census Tract 53","38109",NA,2606,202,118,92.0757435756472,1.28155359291836,1.13035535234272,1.42586059923919,1.26071528442858,1.0049319811708,0.74162960801829,0.25144,0.363350317460317,"ns","HH_unadj",1.28155359291836,"ns",0.938086226278422,"ns",0.764560830208701,0.584158415841584,0.455820512750729
"47157005500","Census Tract 55","38109",NA,2062,169,96,76.26202965368,1.25881779485746,1.09178319429018,1.41914941832956,1.23595807514203,0.91665083749856,0.976739622162148,0.00626,0.022216862745098,"HH","HH_unadj",1.25881779485746,"ns",1.18239417046783,"ns",0.949384386451821,0.568047337278107,0.451254613335385
"47157005600","Census Tract 56","38106","South Memphis",3417,321,202,148.491623803685,1.36034609108361,1.24345021177971,1.4706319794233,1.34345413068421,1.30475126781775,1.75947646019282,0.0016,0.00905,"HH","HH",1.36034609108361,"ns",1.18551170265513,"ns",0.942350021581392,0.629283489096573,0.462590728360389
"47157005700","Census Tract 57","38106","South Memphis",1745,180,97,82.828008482842,1.17110143992046,1.01273193540997,1.3259390839376,1.15721095753561,0.608489140491247,0.559184805226134,0.01952,0.0588853333333333,"HH_unadj","HH_unadj",1.17110143992046,"ns",1.1529684868617,"ns",0.915614500247536,0.538888888888889,0.460155602682456
"47157005800","Census Tract 58","38106","South Memphis",1096,62,35,28.1210943847521,1.24461727986581,0.972140421304347,1.50049618635526,1.19394984637389,0.807986717122032,0.629102179416573,0.0819,0.180779268292683,"ns","ns",1.24461727986581,"HH_unadj",1.0324116662214,"ns",1.11008074318275,0.564516129032258,0.453566038463744
"47157005900","Census Tract 59","38106","South Memphis",2082,208,105,95.5936200652993,1.09839966232344,0.951713439989837,1.24470649428024,1.0914106221477,0.352035072880028,0.396687869055193,0.04914,0.121514594594595,"HH_unadj","HH_unadj",1.09839966232344,"ns",1.38465387593319,"ns",1.02904447749968,0.504807692307692,0.459584711852401
"47157006000","Census Tract 60","38106","South Memphis",1633,144,67,66.0782311001355,1.01394966064494,0.840688528735062,1.19114304629563,1.01254476865718,0.0494438958202126,0.116049500788598,0.09014,0.192525747126437,"ns","ns",1.01394966064494,"ns",0.879532530204699,"ns",1.00302111735579,0.465277777777778,0.458876604862052
"47157006200","Census Tract 62","38106","South Memphis",1635,193,100,89.3518790320749,1.11917064401189,0.967629872457731,1.26918253360306,1.11018424010576,0.42525647861489,0.28451473240857,0.12638,0.237996530612245,"ns","ns",1.11917064401189,"HH",1.05786510315014,"ns",1.04204693110263,0.518134715025907,0.462963103793134
"47157006300","Census Tract 63","38114",NA,2248,215,111,98.8609612624084,1.12278900167044,0.978174783484582,1.26616030954229,1.11432469652307,0.439686335631381,0.290231064740794,0.19358,0.315657477477477,"ns","ns",1.12278900167044,"HH",1.16869243343719,"ns",1.01120377384422,0.516279069767442,0.459818424476318
"47157006400","Census Tract 64","38114",NA,1474,212,104,97.5877055125457,1.06570801571546,0.921190419042131,1.21095511390483,1.06112786141184,0.235376036263167,0.211306614165455,0.23478,0.3541265,"ns","ns",1.06570801571546,"HH_unadj",1.19328111801113,"ns",0.987131253129296,0.490566037735849,0.460319365625216
"47157006500","Census Tract 65","38114",NA,2091,166,86,75.7166914075454,1.13581296806941,0.970163087083374,1.29967054332797,1.12378207480871,0.481126318487846,0.32673640445123,0.08912,0.192525747126437,"ns","ns",1.13581296806941,"HH_unadj",1.29624664840878,"HH_unadj",1.126061930452,0.518072289156627,0.456124647033406
"47157006600","Census Tract 66","38104","Midtown",2133,179,95,81.8663195259827,1.16042837335382,1.00084683948154,1.31718691993294,1.14724262188869,0.570244297580192,0.29182789550444,0.25294,0.363350317460317,"ns","ns",1.16042837335382,"HH",1.33383029151249,"ns",1.16006159232974,0.53072625698324,0.457353740368618
"47157006700","Census Tract 67","38114",NA,2612,274,140,127.114367188344,1.1013703887033,0.974345199994779,1.22774296437963,1.09588037075805,0.365925341982999,0.2978344286276,0.09162,0.192525747126437,"ns","ns",1.1013703887033,"HH",1.16640055730536,"ns",1.23219630652684,0.510948905109489,0.463921048132642
"47157006800","Census Tract 68","38114",NA,2043,169,98,77.0905646628584,1.27123209472632,1.10598165656435,1.4286983900561,1.24759299610176,0.961214799665673,0.770265283451821,0.0971,0.199717045454545,"ns","ns",1.27123209472632,"HH",1.22008565802128,"HH",1.33452376281671,0.579881656804734,0.456157187354191
"47157006900","Census Tract 69","38114",NA,2234,284,158,133.100031514065,1.18707710436044,1.06299868492982,1.30794693061896,1.17743203732172,0.675900170247915,0.587138358903085,0.05668,0.132918974358974,"ns","ns",1.18707710436044,"HH",1.18672390092661,"HH_unadj",1.7776782625523,0.556338028169014,0.468662082796004
"47157007000","Census Tract 70","38111",NA,2636,237,106,106.488417611981,0.995413420323693,0.857517742742573,1.13705367320224,0.995704861275479,-0.0160600850195899,0.0426685612507668,0.28784,0.397702595419847,"ns","ns",0.995413420323693,"HH_unadj",1.27691470533435,"ns",1.10557588363889,0.447257383966245,0.449318217772073
"47157007100","Census Tract 71","38111",NA,2518,205,97,93.0369587471352,1.04259641873759,0.894475332576059,1.19289229147457,1.0394656262042,0.152415278281183,0.121747733537615,0.27444,0.385066976744186,"ns","ns",1.04259641873759,"HH",1.32837605146815,"ns",0.734198136474268,0.473170731707317,0.453838823156757
"47157007200","Census Tract 72","38111",NA,2782,244,114,107.721073481871,1.05828874810819,0.918738231130146,1.20014145705902,1.05450359278165,0.209377155003871,0.101988343778529,0.49366,0.603357466666667,"ns","ns",1.05828874810819,"ns",1.21669672506867,"ns",0.883045883015195,0.467213114754098,0.44147980935193
"47157007300","Census Tract 73","38111",NA,3837,89,38,38.2213332766888,0.994209169128493,0.766853119632377,1.23563838253486,0.99514771512115,-0.0192560676697761,0.0331550373559382,0.43714,0.545671310344828,"ns","ns",0.994209169128493,"ns",0.769268539695696,"ns",0.875466251674761,0.426966292134831,0.429453182884144
"47157007400","Census Tract 74","38111",NA,3178,205,91,94.8036640117806,0.959878512593058,0.816383245839158,1.10783631991657,0.962730377303023,-0.142976703834694,-0.00558295380079859,0.50002,0.603357466666667,"ns","ns",0.959878512593058,"ns",1.18489434044738,"ns",0.98649541511555,0.44390243902439,0.462456897618442
"47157007500","Census Tract 75","38106","South Memphis",1188,132,84,61.7909149216484,1.3594231466958,1.17817962317664,1.5241910519782,1.32170761642396,1.26116488437813,1.14285201639835,0.04968,0.121514594594595,"HH_unadj","HH",1.3594231466958,"ns",1.23837171633925,"ns",0.9539801548013,0.636363636363636,0.46811299183067
"47157007810","Census Tract 78.10","38114",NA,1980,221,108,103.543794337084,1.04303691680845,0.903992909877374,1.1829059460944,1.04022287682962,0.154658218637997,0.257339974430131,0.00432,0.0159575510204082,"HH","ns",1.04303691680845,"LH_unadj",0.993646778536635,"HH_unadj",1.05235880680148,0.48868778280543,0.468523956276399
"47157007821","Census Tract 78.21","38106","South Memphis",4099,367,232,169.92862217454,1.36527912149905,1.25628321024923,1.46836196167155,1.35024417338691,1.32656689207024,1.50073298798497,0.02294,0.068067868852459,"HH_unadj","HH_unadj",1.36527912149905,"ns",1.16385870562924,"ns",1.03953821281421,0.632152588555858,0.463020768867955
"47157007822","Census Tract 78.22","38106","South Memphis",1316,111,73,50.9318706924336,1.43328723268052,1.23231416795387,1.61127363604263,1.37867106890434,1.50222623667872,1.92621157499138,0.0022,0.0110611111111111,"HH","HH_unadj",1.43328723268052,"ns",1.1598594702784,"ns",1.44021527094686,0.657657657657658,0.458845681913816
"47157007900","Census Tract 79","38111",NA,4590,413,241,191.09066506642,1.26118143927247,1.1572228705017,1.36181237909509,1.25158855892217,0.95082180778868,0.648959210134041,0.12442,0.237996530612245,"ns","ns",1.26118143927247,"HH",1.23399165915586,"HH",1.44563884560478,0.583535108958838,0.462689261662033
"47157008000","Census Tract 80","38111",NA,4732,337,174,155.254718653673,1.12073888322932,1.00518055782604,1.23549867788536,1.1153146054317,0.437885341335523,0.266019318724704,0.23188,0.3541265,"ns","ns",1.12073888322932,"HH",1.2799185495218,"HH_unadj",1.26154534803993,0.516320474777448,0.460696494521285
"47157008110","Census Tract 81.10","38114",NA,1857,130,70,58.607137339792,1.19439377484272,1.00459069364379,1.37929957518181,1.1726061096153,0.679554767849576,0.626870055690584,0.10616,0.211153406593407,"ns","ns",1.19439377484272,"ns",1.27491251891488,"HH_unadj",1.11591449315374,0.538461538461538,0.450824133383015
"47157008120","Census Tract 81.20","38114",NA,3933,331,173,150.112395968081,1.15246978028907,1.03392738386661,1.26986578863894,1.14532796915513,0.552305917321623,0.552669256451947,0.03332,0.0927833846153846,"HH_unadj","HH_unadj",1.15246978028907,"HH",1.19570198782732,"HH",1.28028653471691,0.522658610271903,0.453511770296316
"47157008200","Census Tract 82","38111",NA,5815,218,115,98.8051533182107,1.16390690300973,1.01790273491019,1.30780799437371,1.15247524571251,0.586534298934805,0.495116510433304,0.1547,0.27185145631068,"ns","HH_unadj",1.16390690300973,"ns",1.21193218840529,"HH_unadj",1.37904655673575,0.527522935779816,0.453234648248673
"47157008500","Census Tract 85","38117","East Memphis",4143,266,128,117.800058252996,1.08658689900728,0.952574997103745,1.22180728796034,1.08139421703413,0.311657068800968,0.0429314356782986,0.7544,0.803214117647059,"ns","ns",1.08658689900728,"ns",0.780930766513183,"ns",0.653882708694558,0.481203007518797,0.442857361853368
"47157008600","Census Tract 86","38117","East Memphis",5643,410,182,186.342883817678,0.976694125749781,0.872511052976657,1.08316863174361,0.977575764413261,-0.0843642525897261,0.0119677900238788,0.43,0.540486111111111,"ns","ns",0.976694125749781,"ns",1.04201136780045,"ns",1.12231710837285,0.44390243902439,0.454494838579703
"47157008700","Census Tract 87","38122",NA,5833,328,154,148.094041341167,1.03987978588029,0.921731975871706,1.1595909521202,1.03797904336567,0.144690769470526,0.108534158748776,0.31204,0.412257226277372,"ns","ns",1.03987978588029,"HH_unadj",1.04400971128751,"ns",1.04656960145626,0.469512195121951,0.451506223601119
"47157008800","Census Tract 88","38108",NA,7862,332,150,152.880621455698,0.981157707050968,0.866761384759898,1.09794822375602,0.982013986092996,-0.0678590268505547,0.01189784719908,0.64674,0.727080372670807,"ns","ns",0.981157707050968,"ns",1.35579634425837,"ns",0.983676447020588,0.451807228915663,0.460483799565356
"47157008900","Census Tract 89","38108",NA,4090,164,55,75.9584742798926,0.724079841274002,0.577789374225093,0.886641316504235,0.748270776865964,-0.976750899520492,0.528138573081752,0.09254,0.192525747126437,"ns","ns",0.724079841274002,"ns",1.20911411812606,"ns",0.598849743558505,0.335365853658537,0.463161428535931
"47157009100","Census Tract 91","38122",NA,3039,105,55,48.2958694740549,1.13881374533585,0.932989346729725,1.34098420031145,1.12048370600199,0.479889719646495,-0.33653341677011,0.1687,0.28806320754717,"ns","ns",1.13881374533585,"ns",1.26442651542728,"suppressed",1.60030053161237,0.523809523809524,0.459960661657666
"47157009201","Census Tract 92.01","38117","East Memphis",3139,286,122,132.215954664819,0.922732814729378,0.801655343590369,1.04802047010004,0.926774867946102,-0.278491350957288,-0.0125712838409024,0.87218,0.881925027932961,"ns","ns",0.922732814729378,"ns",1.09270662606741,"ns",1.03634966262405,0.426573426573427,0.462293547779086
"47157009202","Census Tract 92.02","38120","East Memphis",3690,168,67,76.3680292901943,0.877330482699818,0.721176242298449,1.04343730052082,0.888129310333247,-0.433941699245056,0.0552022525325854,0.6529,0.729474691358025,"ns","ns",0.877330482699818,"ns",1.20927430503149,"ns",0.984448448276236,0.398809523809524,0.454571602917823
"47157009300","Census Tract 93","38117","East Memphis",3698,339,146,155.871298015275,0.936670200729917,0.824350781449791,1.05236820270733,0.939509030854371,-0.229086996659821,-0.0241435081246613,0.65762,0.730240613496932,"ns","ns",0.936670200729917,"ns",1.05500168422826,"ns",1.01630696681631,0.430678466076696,0.459797339278096
"47157009400","Census Tract 94","38117","East Memphis",3118,327,142,151.030992859708,0.940204373362646,0.826207065361424,1.05750749702716,0.942942924093185,-0.216170172199948,-0.0251101776388811,0.49828,0.603357466666667,"ns","ns",0.940204373362646,"ns",1.05027967806781,"ns",0.857199428149226,0.434250764525994,0.461868479693297
"47157009501","Census Tract 95.01","38117","East Memphis",3237,292,151,135.009757301912,1.11843768196939,0.994801027922308,1.2411125643248,1.11238124292046,0.428149569488167,0.124272046721206,0.6169,0.710681132075472,"ns","ns",1.11843768196939,"ns",1.07765782224557,"ns",0.980675391492264,0.517123287671233,0.462362182540794
"47157009502","Census Tract 95.02","38119","East Memphis",3304,271,148,125.464319742497,1.17961823970157,1.05108161740009,1.305369807431,1.16976453222794,0.647837319950791,0.073507861438893,0.79878,0.821472613636364,"ns","ns",1.17961823970157,"ns",0.81836515204835,"ns",1.11834309076354,0.546125461254613,0.462967969529511
"47157009600","Census Tract 96","38120","East Memphis",4759,373,154,169.350098242189,0.909358787496911,0.801809814292677,1.0208203603301,0.913150712693447,-0.328567183924007,-0.0212679156887252,0.76112,0.805629941520468,"ns","ns",0.909358787496911,"ns",0.793320065039688,"ns",0.927852760693051,0.412868632707775,0.454021711105065
"47157009700","Census Tract 97","38117","East Memphis",2848,160,75,72.5840673148372,1.03328461430363,0.866455952910465,1.20334348806141,1.03020713004474,0.117961552184388,0.111640382676485,0.17672,0.296042935779816,"ns","ns",1.03328461430363,"ns",1.12369041950313,"ns",1.30267111695021,0.46875,0.453650420717733
"47157009800","Census Tract 98","38122",NA,2524,219,113,103.427452574542,1.09255325532222,0.953035354106311,1.23090444793296,1.08652824474987,0.332196284765522,-0.0834222884168789,0.6221,0.710681132075472,"ns","ns",1.09255325532222,"ns",1.2596602701809,"ns",1.20348123760047,0.515981735159817,0.472271472943113
"47157009901","Census Tract 99.01","38127","Frayser",3108.061,146,45,64.8725275658746,0.693668054698576,0.537971580414544,0.871495037698857,0.72516092911896,-1.0754166802334,1.09305763036749,0.00392,0.015424347826087,"LL","LL",0.693668054698576,"LL",0.765520847128099,"ns",1.08093153058916,0.308219178082192,0.444332380588183
"47157009902","Census Tract 99.02","38127","Frayser",2030,111,34,50.0942773913062,0.678720240525931,0.50571788040326,0.880435551043719,0.720039260280595,-1.11156971655299,1.10991966217064,0.00408,0.0157123404255319,"LL","LL",0.678720240525931,"LL_unadj",0.58883622131036,"ns",0.777748681961436,0.306306306306306,0.451299796318073
"47157010001","Census Tract 100.01","38127","Frayser",3009,308,60,140.845221865119,0.425999541947254,0.337744124136446,0.530697846280814,0.454432969457186,-2.07443000436502,3.18965858904916,0.00168,0.00920514285714286,"LL","LL",0.425999541947254,"LL_unadj",0.67796819813411,"ns",0.889175451707813,0.194805194805195,0.457289681380256
"47157010002","Census Tract 100.02","38127","Frayser",2996,180,47,81.8410519424706,0.574283918454985,0.445185247717978,0.725339941628296,0.609221141820191,-1.51186578543082,2.0683339071393,3e-04,0.00301666666666667,"LL","LL",0.574283918454985,"LL_unadj",0.523127323811232,"ns",1.02184067878826,0.261111111111111,0.454672510791504
"47157010120","Census Tract 101.20","38127","Frayser",5214,282,69,126.211187655302,0.546702723283512,0.442752747005594,0.665985998436319,0.571834183521473,-1.6330283820592,1.72496957017658,3e-04,0.00301666666666667,"LL","LL",0.546702723283512,"LL",0.855645554345648,"ns",0.787443960391273,0.24468085106383,0.447557403032986
"47157010121","Census Tract 101.21","38127","Frayser",2443,166,50,76.7164200956462,0.651750954198104,0.511866217685215,0.811094133304783,0.68192366752566,-1.23359508033458,1.21102660509118,0.00264,0.01267,"LL","LL",0.651750954198104,"LL",0.695603763355764,"ns",1.02323069878156,0.301204819277108,0.462147109009917
"47157010122","Census Tract 101.22","38127","Frayser",3315,134,50,59.4581667623205,0.84092737335598,0.666763016362747,1.03102789189621,0.858699208274182,-0.555471088128264,0.47648604956998,0.0265,0.0749453125,"LL_unadj","LL",0.84092737335598,"LL_unadj",0.591344460411281,"ns",1.1708804385626,0.373134328358209,0.443717662405377
"47157010210","Census Tract 102.10","38127","Frayser",5979,352,85,162.122481583737,0.524294960018221,0.433616866069706,0.627092081752736,0.544798870713879,-1.72493348756966,2.27537994896323,2e-05,0.000905,"LL","LL",0.524294960018221,"LL",0.74037351445641,"ns",0.98192727441712,0.241477272727273,0.460575231771979
"47157010220","Census Tract 102.20","38127","Frayser",6127,387,119,172.778646189465,0.688742518965608,0.590422488616462,0.795538565123884,0.701545229309015,-1.12966176538923,1.26938398091531,4e-05,0.000905,"LL","LL",0.688742518965608,"LL",0.656439142705243,"ns",1.05256157855439,0.30749354005168,0.446456450101978
"47157010300","Census Tract 103","38127","Frayser",1499,84,13,36.9206777705608,0.352106212155339,0.21098152204113,0.561930622892573,0.461846634979552,-2.18890830733228,3.0588587213575,2e-04,0.00241333333333333,"LL","LL",0.352106212155339,"LL",0.930465689141727,"ns",0.38922769902493,0.154761904761905,0.439531878220962
"47157010500","Census Tract 105","38118",NA,2844,86,51,38.9373877008756,1.30979510982585,1.07646961795122,1.52555056947779,1.26038785899323,1.05344807136879,1.40951944178048,0.00722,0.0251311538461538,"HH","HH",1.30979510982585,"ns",0.960861722637341,"HH_unadj",1.22080633003364,0.593023255813954,0.452760322103204
"47157010610","Census Tract 106.10","38118",NA,5879,361,219,166.805664336321,1.31290505554082,1.20196719936856,1.41898251263929,1.29979082358721,1.13597427546744,1.25078040515549,0.00174,0.00920514285714286,"HH","HH",1.31290505554082,"ns",0.945252212879957,"HH_unadj",1.26627526740479,0.606648199445983,0.462065552178174
"47157010620","Census Tract 106.20","38118",NA,3409,96,61,45.4204692211415,1.34300682150608,1.13214632255566,1.5318427729022,1.29614167176232,1.18208478847192,1.5417845664317,0.0028,0.01267,"HH","HH",1.34300682150608,"ns",1.14428628993728,"HH_unadj",1.1698826374866,0.635416666666667,0.473129887720223
"47157010630","Census Tract 106.30","38118",NA,4154,168,101,76.241094652144,1.32474488280658,1.15836151191543,1.48115910612236,1.29602072305947,1.14996212831066,1.65473093062074,8e-04,0.00499310344827586,"HH","HH",1.32474488280658,"ns",0.800803232589093,"HH_unadj",1.01736111138022,0.601190476190476,0.453816039596095
"47157010710","Census Tract 107.10","38118",NA,3959,349,240,159.822339377931,1.50166741979964,1.3915171817557,1.60289384639696,1.47962636895624,1.81909600883278,0.74566217911008,0.21862,0.342433275862069,"ns","ns",1.50166741979964,"ns",1.16747402721405,"ns",1.41287831492411,0.687679083094556,0.457943665839344
"47157010720","Census Tract 107.20","38115",NA,3648,136,58,62.7844865823486,0.923795083104276,0.750558965206349,1.10578180205954,0.931716650069943,-0.267058150996928,-0.103725556424341,0.13584,0.248353939393939,"ns","ns",0.923795083104276,"ns",0.863371074782053,"ns",0.970785325423335,0.426470588235294,0.461650636634916
"47157010810","Census Tract 108.10","38118",NA,6653,311,183,142.719583995785,1.28223467919724,1.16140652102166,1.39836082914911,1.26845045089112,1.02095683230909,0.666271411798123,0.1057,0.211153406593407,"ns","ns",1.28223467919724,"ns",0.954097671548262,"ns",1.08856492403117,0.588424437299035,0.458905414777445
"47157010820","Census Tract 108.20","38115",NA,4859,330,135,154.885728067499,0.871610326428315,0.761446904131325,0.986231293983788,0.877325199262916,-0.464915835640596,-0.0394600072764833,0.74894,0.802119171597633,"ns","ns",0.871610326428315,"ns",0.893168897756147,"ns",1.19113115077001,0.409090909090909,0.469350691113633
"47157011010","Census Tract 110.10","38118",NA,3525,237,143,106.817584547227,1.33873088973264,1.19794447479809,1.47220055393278,1.31672739893227,1.21482430092082,1.8452256483057,0.0243,0.0709403225806452,"HH_unadj","HH",1.33873088973264,"ns",0.982063791009961,"HH_unadj",1.45349717759344,0.60337552742616,0.450707107794205
"47157011020","Census Tract 110.20","38118",NA,1375,125,78,57.9456200193123,1.34608966085795,1.15751343489969,1.51871511772185,1.3074236524804,1.20978156984072,1.64635202561523,0.00178,0.00920514285714286,"HH","HH",1.34608966085795,"ns",0.878067884632803,"HH_unadj",1.32733361436709,0.624,0.463564960154498
"47157011100","Census Tract 111","38108",NA,1549,146,42,66.5445855993018,0.631155782574152,0.48362766147472,0.802569888610373,0.66780921489409,-1.29743044291738,0.424660253781258,0.23166,0.3541265,"ns","ns",0.631155782574152,"ns",0.828789673802422,"ns",0.862001613659161,0.287671232876712,0.45578483287193
"47157011200","Census Tract 112","38107",NA,946,77,15,34.6978885017236,0.43230296273662,0.27021323542007,0.65875873896025,0.531966648275635,-1.91076742063921,1.35063995775278,0.03856,0.102903823529412,"LL_unadj","LL",0.43230296273662,"LL_unadj",0.521230442147464,"suppressed",1.02803305429816,0.194805194805195,0.450621928593813
"47157011300","Census Tract 113","38105","Downtown",1221,81,35,35.5703419014622,0.983965802098777,0.75083288652304,1.23110080236452,0.986736162895418,-0.0536725380096959,-0.046734910233962,0.10578,0.211153406593407,"ns","ns",0.983965802098777,"ns",1.00446428919808,"LL",0.81271143341247,0.432098765432099,0.439140023474842
"47157011401","Census Tract 114.01","38126","South Memphis",1625,45,20,20.6483233630782,0.968601646163801,0.67426871765502,1.28198009167411,0.976788305646238,-0.0996934509471862,0.0119378978702686,0.426,0.539202797202797,"ns","ns",0.968601646163801,"suppressed",1.08722122830046,"ns",0.732526960004123,0.444444444444444,0.458851630290626
"47157011402","Census Tract 114.02","38126","South Memphis",3763,41,17,17.833394860789,0.953267739132418,0.638139028776033,1.3020228563492,0.966999565187472,-0.145200704032551,-0.00682975210788359,0.37352,0.479483120567376,"ns","ns",0.953267739132418,"ns",0.896443423355154,"ns",0.686862319002846,0.414634146341463,0.434960850263146
"47157011500","Census Tract 115","38106","South Memphis",1925,271,137,122.273276671924,1.12044106225754,0.989264416626385,1.25127477934027,1.11359243729252,0.434070418843295,0.370915072811553,0.0465,0.118542253521127,"HH_unadj","ns",1.12044106225754,"HH",1.20602912656245,"ns",0.966211156878661,0.505535055350554,0.451192902848428
"47157011600","Census Tract 116","38126","South Memphis",2071,135,79,61.3759851465648,1.2871483824064,1.10163045321729,1.46229803978882,1.25649416023871,1.00661795198414,0.685179678897144,0.09068,0.192525747126437,"ns","ns",1.2871483824064,"HH_unadj",1.17848083442169,"ns",1.14026501063623,0.585185185185185,0.454636927011591
"47157011700","Census Tract 117","38106","South Memphis",1036,99,41,44.4727941121937,0.921911942311682,0.717009242617658,1.14109313783287,0.932987253569673,-0.267811270574448,-0.111418484781775,0.07072,0.160004,"ns","LH_unadj",0.921911942311682,"ns",1.10560241710872,"ns",0.5443847978069,0.414141414141414,0.449220142547411
"47157011800","Census Tract 118","38111",NA,6680,316,155,145.360374166157,1.06631536200384,0.947462513547224,1.18566396493487,1.06313825034026,0.240309821430404,0.156654960429358,0.24588,0.358905483870968,"ns","ns",1.06631536200384,"ns",1.12590892886753,"ns",1.26670851062423,0.490506329113924,0.460001184070118
"47157020221","Census Tract 202.21",NA,NA,0,0,NA,NA,NA,NA,NA,NA,NA,NA,NA,NA,"suppressed","suppressed",NA,"suppressed",NA,"suppressed",NA,NA,NA
"47157020511","Census Tract 205.11","38128","Raleigh",2315,160,50,71.8025350634575,0.696354243701996,0.547694142855116,0.864606573556487,0.724720816923023,-1.07154680628554,1.24729239796665,1e-04,0.00164545454545455,"LL","LL",0.696354243701996,"LL",0.545560748390965,"ns",1.16161695626029,0.3125,0.44876584414661
"47157020521","Census Tract 205.21","38128","Raleigh",3615,177,39,82.0203047822704,0.475492015099538,0.357321437285265,0.619302237226064,0.518339266717577,-1.86318433269836,2.6278954972726,2e-05,0.000905,"LL","LL",0.475492015099538,"LL",0.534962359762549,"ns",1.02893094966822,0.220338983050847,0.463391552442206
"47157020523","Census Tract 205.23","38128","Raleigh",3767,127,25,58.8528441868759,0.424788306247652,0.295724854758929,0.592264390445193,0.488285943675128,-2.01114510119673,2.53580467990546,0.0155,0.0475508474576271,"LL","LL",0.424788306247652,"LL_unadj",0.615942282940457,"ns",0.742961792036664,0.196850393700787,0.463408221943905
"47157020524","Census Tract 205.24","38128","Raleigh",4416,284,67,130.228243250326,0.514481331604943,0.414928535639983,0.629406075757177,0.54038482434002,-1.75106970279519,2.26955138514499,0.00016,0.00232714285714286,"LL","LL",0.514481331604943,"LL",0.930889416835395,"ns",1.01865361689766,0.235915492957746,0.458550152289879
"47157020531","Census Tract 205.31","38128","Raleigh",1206.33,17,3,7.6421194445176,0.392561255000035,0.137722465087957,0.912705959039363,NA,NA,NA,NA,NA,"suppressed","suppressed",0.392561255000035,"suppressed",1.04208742446166,"suppressed",3.21993383207654,0.176470588235294,0.4495364379128
"47157020532","Census Tract 205.32","38128","Raleigh",4779.718,259,87,116.530722635021,0.746584231460466,0.624895925373829,0.878933116702837,0.761723719232713,-0.910688465417722,1.20754586044947,4e-05,0.000905,"LL","LL",0.746584231460466,"LL",0.64961177935958,"ns",1.18562539528988,0.335907335907336,0.449925570019386
"47157020541","Census Tract 205.41","38128","Raleigh",4362,282,70,127.359178377949,0.549626661317407,0.44598102736905,0.66825633990157,0.5743467062729,-1.6229676587761,2.07887893386634,4e-05,0.000905,"LL","LL",0.549626661317407,"LL",0.619124269590472,"ns",0.772591422208499,0.24822695035461,0.451628292120385
"47157020542","Census Tract 205.42","38128","Raleigh",5229,106,20,47.8117738274652,0.418307006809087,0.278443086916584,0.606447781565385,0.495874362623758,-2.00739091374637,2.00364373993653,0.00132,0.00770709677419355,"LL","ns",0.418307006809087,"LL",0.398866223432272,"LL_unadj",0.542778646406856,0.188679245283019,0.451054470070426
"47157020543","Census Tract 205.43","38128","Raleigh",3047,121,39,53.8210140963317,0.724624027525675,0.552193611554991,0.921638521555041,0.758038865176146,-0.956659143391379,1.093103083869,0.00056,0.00402222222222222,"LL","ns",0.724624027525675,"LL",0.617879645227446,"HL_unadj",1.06115540125276,0.322314049586777,0.444801769391171
"47157020544","Census Tract 205.44","38128","Raleigh",2885,132,28,60.7049655751939,0.461247275814975,0.328417848207795,0.629480775829248,0.519072950545349,-1.88688133390837,2.27711530247698,0.00018,0.00232714285714286,"LL","LL",0.461247275814975,"LL",0.657384841344974,"ns",0.491967596557665,0.212121212121212,0.459886102842378
"47157020610","Census Tract 206.10","38134",NA,4322,189,46,84.1372856816048,0.546725504957158,0.421672184543619,0.694744489593672,0.583572917214965,-1.61044084382476,0.677721789572591,0.1767,0.296042935779816,"ns","ns",0.546725504957158,"ns",0.555494282219968,"ns",0.822215024836307,0.243386243386243,0.445170823712195
"47157020621","Census Tract 206.21","38134",NA,5280.591,209,44,96.5513256943536,0.455716166335075,0.347929542633751,0.586121461068121,0.493828944882619,-1.94569364843776,2.00105213097408,0.01066,0.0344546428571429,"LL","LL_unadj",0.455716166335075,"LL",0.574086443483521,"ns",0.721780662710992,0.210526315789474,0.461968065523223
"47157020622","Census Tract 206.22","38134",NA,421.492,37,18,16.8902131214429,1.0657059132752,0.732682856227867,1.404297747055,1.04566178394621,0.203488757868332,-0.381438833383833,0.04324,0.111806285714286,"HL_unadj","HL_unadj",1.0657059132752,"suppressed",0.141916631539068,"suppressed",1.19920525569281,0.486486486486487,0.456492246525483
"47157020632","Census Tract 206.32","38133",NA,0,0,NA,NA,NA,NA,NA,NA,NA,NA,NA,NA,"suppressed","suppressed",NA,"suppressed",0,"suppressed",NA,NA,NA
"47157020651","Census Tract 206.51","38134",NA,4200,135,40,61.9454582465291,0.645729342106227,0.492029367967357,0.823995077868939,0.683226592999561,-1.2416659330157,1.64645094112751,6e-04,0.00402222222222222,"LL","LL",0.645729342106227,"LL",0.755759540921911,"ns",1.1687814096924,0.296296296296296,0.458855246270586
"47157020658","Census Tract 206.58","38135",NA,2647.367,80,18,36.6792977877032,0.490740038268523,0.321341099300674,0.715101798804866,0.57569696886108,-1.7230947030071,1.7605408784712,0.05366,0.129499466666667,"ns","LL",0.490740038268523,"LL_unadj",0.836536785101963,"suppressed",0.876810550113464,0.225,0.45849122234629
"47157020833","Census Tract 208.33","38133",NA,0,1,0,0.33203125,0,0,2.38968677081679,NA,NA,NA,NA,NA,"suppressed","suppressed",0,"suppressed",NA,"suppressed",0,0,0.33203125
"47157020837","Census Tract 208.37","38002",NA,0,1,0,0.499411071849234,0,0,1.58877271720218,NA,NA,NA,NA,NA,"suppressed","suppressed",0,"suppressed",1.98290178239775,"suppressed",NA,0,0.499411071849234
"47157021021","Census Tract 210.21","38016","Cordova",2486.895,133,45,61.4356102985673,0.732474208057951,0.57039792966135,0.914198867201821,0.760985625933631,-0.937157493241494,0.924498675982044,0.04936,0.121514594594595,"LL_unadj","LL_unadj",0.732474208057951,"ns",0.932969735960377,"suppressed",0.834959823235961,0.338345864661654,0.461921881944115
"47157021023","Census Tract 210.23","38016","Cordova",2770.345,75,17,34.9283133702068,0.486711162368941,0.314816974442642,0.715798994907323,0.575274632765206,-1.7307595469211,1.26765013563867,0.5624,0.661002597402597,"ns","ns",0.486711162368941,"ns",1.0131144211969,"suppressed",0.843989633269217,0.226666666666667,0.465710844936091
"47157021111","Census Tract 211.11","38134",NA,4370.429,152,59,66.7097110236082,0.88442895486566,0.71626229169328,1.06515889791346,0.896058229287471,-0.40597287381773,0.0741306005736846,0.47234,0.581588707482993,"ns","ns",0.88442895486566,"ns",0.665354617375406,"ns",1.03420677869328,0.388157894736842,0.438879677786896
"47157021112","Census Tract 211.12","38133",NA,5867,217,82,100.948759509728,0.812293290162702,0.679322375101637,0.954396721560286,0.824895771828279,-0.671790139628305,0.108038681725449,0.72572,0.78655880239521,"ns","ns",0.812293290162702,"ns",0.878281286070268,"ns",1.00080470685871,0.377880184331797,0.465201656726855
"47157021113","Census Tract 211.13","38133",NA,3960,200,82,89.7380878860683,0.913770305693468,0.76702492150662,1.06807582143163,0.920369896796334,-0.306837128487032,0.109431901789357,0.30456,0.412257226277372,"ns","ns",0.913770305693468,"ns",0.97207376962181,"ns",0.943236220757896,0.41,0.448690439430342
"47157021121","Census Tract 211.21","38016","Cordova",4856.655,60,24,26.1775351447244,0.916816647072165,0.654824613018774,1.20639195899007,0.935426177613906,-0.271337246962109,0.0835505652267019,0.12686,0.237996530612245,"ns","ns",0.916816647072165,"ns",0.775974513014976,"ns",1.00712433423701,0.4,0.436292252412074
"47157021122","Census Tract 211.22","38134",NA,5842,285,122,133.911887729816,0.911046823909692,0.791622610148862,1.03454297773322,0.915598075517697,-0.320865105763612,0.0407496763704541,0.76828,0.807594797687861,"ns","ns",0.911046823909692,"ns",1.12197722491831,"ns",0.971045770139916,0.428070175438596,0.469866272736196
"47157021124","Census Tract 211.24","38016","Cordova",0,0,NA,NA,NA,NA,NA,NA,NA,NA,NA,NA,"suppressed","suppressed",NA,"suppressed",NA,"suppressed",NA,NA,NA
"47157021125","Census Tract 211.25","38018","Cordova",2659.558,122,54,54.5885287847172,0.989218819451276,0.799145372215898,1.18712113672511,0.990498333586868,-0.0371293138258148,-0.0548560868814718,0.15774,0.273534095238095,"ns","ns",0.989218819451276,"ns",0.808449847943818,"ns",1.2578839909007,0.442622950819672,0.447446957251781
"47157021126","Census Tract 211.26","38016","Cordova",3422.754,127,41,58.6247825964413,0.699362934652295,0.536711386238013,0.884550754924744,0.732540773814776,-1.0509636054994,0.261300837368112,0.61254,0.710681132075472,"ns","ns",0.699362934652295,"ns",0.883540151171881,"ns",0.980248702788899,0.322834645669291,0.461612461389302
"47157021135","Census Tract 211.35","38016","Cordova",5264,392,135,181.897258645163,0.742177210396292,0.644501584071256,0.846361751424601,0.752099363820876,-0.936952190950823,0.52494465787478,0.08044,0.179748641975309,"ns","ns",0.742177210396292,"ns",0.870654369073242,"ns",0.934167219279246,0.344387755102041,0.464023618992763
"47157021136","Census Tract 211.36","38016","Cordova",3704.732,257,78,120.03291869763,0.649821739288758,0.536394207754684,0.775641246973889,0.669833556777866,-1.26030621643566,0.670087599130473,0.17828,0.296042935779816,"ns","ns",0.649821739288758,"ns",0.789859306508737,"ns",0.920903105784458,0.303501945525292,0.467054158356537
"47157021138","Census Tract 211.38","38018","Cordova",1893.98,102,43,45.1520804493504,0.952337070010217,0.746149026249162,1.17138634604594,0.959088527791937,-0.163327554574395,0.0268828285064515,0.23394,0.3541265,"ns","ns",0.952337070010217,"ns",0.899153190655237,"ns",1.33224006924998,0.42156862745098,0.442667455385789
"47157021139","Census Tract 211.39","38018","Cordova",116.331,0,NA,NA,NA,NA,NA,NA,NA,NA,NA,NA,"suppressed","suppressed",NA,"suppressed",NA,"suppressed",NA,NA,NA
"47157021140","Census Tract 211.40","38018","Cordova",3959.892,205,78,93.4503119354016,0.834668160914415,0.694963230590982,0.984017925930287,0.846751836363788,-0.589774045172358,0.074193791522798,0.8171,0.835565536723164,"ns","ns",0.834668160914415,"ns",0.91763497669868,"ns",0.917483857493261,0.380487804878049,0.455855180172691
"47157021141","Census Tract 211.41","38016","Cordova",7741,412,145,192.450371313227,0.753440998895251,0.658059034462607,0.854679076669463,0.76240209056786,-0.896998105420821,0.735750260655648,0.0562,0.132918974358974,"ns","ns",0.753440998895251,"ns",0.918361960705332,"ns",0.932214711661361,0.351941747572816,0.467112551731134
"47157021142","Census Tract 211.42","38016","Cordova",2994,189,56,87.6868426649764,0.638636291352834,0.50819754146245,0.786567548641518,0.666325663371179,-1.28706796938618,0.540099501264832,0.33998,0.442707769784173,"ns","ns",0.638636291352834,"ns",0.838801015875622,"ns",0.667877613630544,0.296296296296296,0.463951548491939
"47157021143","Census Tract 211.43","38018","Cordova",5900,381,142,177.485200664397,0.800066706792667,0.699056281971751,0.906532497933341,0.8079335512125,-0.726161118564686,0.270504646849706,0.31102,0.412257226277372,"ns","ns",0.800066706792667,"ns",0.998581727450993,"ns",1.01203531608339,0.372703412073491,0.465840421691331
"47157021144","Census Tract 211.44","38018","Cordova",3136,190,76,89.5954933665164,0.848256950705097,0.706148518011469,0.998770561953731,0.859561936968514,-0.540854187065546,0.102815721346536,0.60926,0.710681132075472,"ns","ns",0.848256950705097,"ns",0.981420460508719,"ns",1.01512868841539,0.4,0.471555228244823
"47157021200","Census Tract 212","38134",NA,1444,10,6,4.21815336658761,1.42242338733498,0.741257471125579,1.97199958845187,NA,NA,NA,NA,NA,"suppressed","suppressed",1.42242338733498,"suppressed",0.34433365713444,"suppressed",1.2294336024455,0.6,0.421815336658761
"47157021311","Census Tract 213.11","38120","East Memphis",4409,233,116,103.313930218786,1.12279147404759,0.97926074671424,1.26647919412174,1.1145002161987,0.440027836816441,-0.117985177224959,0.67332,0.738611636363636,"ns","ns",1.12279147404759,"ns",0.749324858164174,"ns",1.24710009347791,0.497854077253219,0.443407425831699
"47157021312","Census Tract 213.12","38120","East Memphis",1627.793,80,42,37.8353721609901,1.11007233710532,0.881622466348459,1.33367826137311,1.09245074320601,0.374418473606004,0.273944612047418,0.63702,0.720628875,"ns","ns",1.11007233710532,"ns",0.715197905405319,"suppressed",0.739719269092688,0.525,0.472942152012377
"47157021320","Census Tract 213.20","38119","East Memphis",5912,269,89,121.886042816526,0.73019024937885,0.612117184232044,0.858775021212619,0.7455918485587,-0.970998779326296,0.116490051473094,0.74432,0.80191619047619,"ns","ns",0.73019024937885,"ns",1.10810713239352,"ns",1.03565957816673,0.330855018587361,0.45310796586069
"47157021331","Census Tract 213.31","38119","East Memphis",3374,220,71,100.008732531888,0.70993800443738,0.581734948490436,0.851525874183396,0.729870919323456,-1.03744898984337,0.130479362586505,0.6243,0.710681132075472,"ns","ns",0.70993800443738,"ns",0.915341746407929,"ns",1.03091869281565,0.322727272727273,0.454585147872217
"47157021333","Census Tract 213.33","38119","East Memphis",4172,190,62,88.0614563919074,0.704053765861833,0.568876899442491,0.854083406672285,0.726668283358822,-1.05411911179226,0.668402092280645,0.21388,0.339581403508772,"ns","ns",0.704053765861833,"ns",1.01279286688414,"ns",1.12998230928307,0.326315789473684,0.463481349431092
"47157021334","Census Tract 213.34","38119","East Memphis",3584,119,46,55.3159302965975,0.831586845839045,0.653808435183974,1.02462913006553,0.85119365700309,-0.586552029958247,0.249468943310856,0.18126,0.298255090909091,"ns","ns",0.831586845839045,"ns",0.886793688260184,"suppressed",1.04474496563009,0.38655462184874,0.464839750391576
"47157021354","Census Tract 213.54","38119","East Memphis",3198.323,89,44,38.4592026804616,1.14406947969187,0.9092593780544,1.37995543684253,1.12018987214032,0.488287223252157,-0.420207253143983,0.24398,0.358905483870968,"ns","ns",1.14406947969187,"ns",0.906142337117349,"ns",1.36894957299549,0.49438202247191,0.432125872814175
"47157021355","Census Tract 213.55","38125",NA,835.7,17,11,7.19746740815125,1.52831536097577,0.975490598892565,1.95309637894968,NA,NA,NA,NA,NA,"suppressed","suppressed",1.52831536097577,"suppressed",1.24384653927808,"suppressed",1.48916866113785,0.647058823529412,0.423380435773603
"47157021410","Census Tract 214.10","38138",NA,0,0,NA,NA,NA,NA,NA,NA,NA,NA,NA,NA,"suppressed","suppressed",NA,"suppressed",NA,"suppressed",NA,NA,NA
"47157021430","Census Tract 214.30","38138",NA,7.286,0,NA,NA,NA,NA,NA,NA,NA,NA,NA,NA,"suppressed","suppressed",NA,"suppressed",NA,"suppressed",NA,NA,NA
"47157021548","Census Tract 215.48","38125",NA,965.862,2,1,0.490934388451672,2.0369320697901,0.38510728911196,3.68875685046824,NA,NA,NA,NA,NA,"suppressed","suppressed",2.0369320697901,"suppressed",0,"suppressed",2.0369320697901,0.5,0.245467194225836
"47157021710","Census Tract 217.10","38115",NA,1782,93,44,42.4316000392564,1.03696301716863,0.821339875807068,1.2572604463929,1.03152381193977,0.126959715599127,-0.031216323552273,0.7719,0.807594797687861,"ns","ns",1.03696301716863,"suppressed",1.01128114783833,"ns",0.668446949147661,0.473118279569892,0.456253763862972
"47157021721","Census Tract 217.21","38115",NA,4708,86,25,40.5846748659352,0.61599606458801,0.435090671103378,0.83482944708257,0.673877615445364,-1.31168070424987,0.533762036117369,0.21946,0.342433275862069,"ns","ns",0.61599606458801,"ns",1.29134448338318,"ns",0.579724839206823,0.290697674418605,0.471914824022503
"47157021724","Census Tract 217.24","38115",NA,2442,75,25,34.5464819258004,0.723662688828793,0.514702645724458,0.967882358794305,0.771985409320987,-0.930286905012769,0.34729566051271,0.2054,0.329003539823009,"ns","ns",0.723662688828793,"ns",0.994800816879591,"suppressed",0.8204747274832,0.333333333333333,0.460619759010672
"47157021725","Census Tract 217.25","38115",NA,3803,49,19,23.1227698028474,0.821700867240406,0.560063342288507,1.1179223117765,0.863811815411125,-0.577358193669272,0.294083588109033,0.14326,0.2593006,"ns","ns",0.821700867240406,"ns",0.902676866958228,"suppressed",0.805901328607599,0.387755102040816,0.4718932612826
"47157021731","Census Tract 217.31","38115",NA,2813,186,62,84.7765723900441,0.73133412040708,0.59142352098488,0.886043330865901,0.752866900039901,-0.954977230335539,0.127398309373436,0.71444,0.778997831325301,"ns","ns",0.73133412040708,"ns",1.02324632691333,"ns",0.796072993335932,0.333333333333333,0.455788023602388
"47157021744","Census Tract 217.44","38125",NA,5622.359,380,128,174.90762548781,0.731814863091379,0.632577935081121,0.83814687020969,0.74256512026158,-0.973813859025058,0.354231876925843,0.3391,0.442707769784173,"ns","ns",0.731814863091379,"ns",0.936277671804348,"ns",0.749909679127066,0.336842105263158,0.460283224967921
"47157021745","Census Tract 217.45","38125",NA,0,0,NA,NA,NA,NA,NA,NA,NA,NA,NA,NA,"suppressed","suppressed",NA,"suppressed",NA,"suppressed",NA,NA,NA
"47157021746","Census Tract 217.46","38115",NA,4178,311,101,143.734950430193,0.702682261326913,0.595292419797405,0.819324800707333,0.717025069871503,-1.07504318432552,0.60580173442231,0.1093,0.215035869565217,"ns","ns",0.702682261326913,"ns",0.805667064097328,"ns",0.935798974658932,0.32475884244373,0.462170258617985
"47157021747","Census Tract 217.47","38141",NA,4654,282,105,128.855667891603,0.814865203200292,0.695913618662983,0.941326095994423,0.824836592173449,-0.667282071927593,0.331504790890868,0.12886,0.237996530612245,"ns","LL",0.814865203200292,"ns",0.956049871709989,"ns",1.12697026005271,0.372340425531915,0.456934992523413
"47157021751","Census Tract 217.51","38141",NA,12.306,0,NA,NA,NA,NA,NA,NA,NA,NA,NA,NA,"suppressed","suppressed",NA,"suppressed",0,"suppressed",NA,NA,NA
"47157021754","Census Tract 217.54","38141",NA,2359.971,120,34,55.7279346252631,0.610106945980137,0.453071765172897,0.79608625803177,0.655208207207401,-1.359020356755,0.288898169964598,0.66854,0.737839878048781,"ns","LL_unadj",0.610106945980137,"ns",0.922593266064342,"ns",0.793925837122912,0.283333333333333,0.464399455210526
"47157021755","Census Tract 217.55","38115",NA,1585,4,3,1.73570486181411,1.72840444594047,0.692840929806877,2.19948162890498,NA,NA,NA,NA,NA,"suppressed","suppressed",1.72840444594047,"suppressed",0.678385416666667,"suppressed",1.32629078372015,0.75,0.433926215453529
"47157021756","Census Tract 217.56","38115",NA,1635,44,19,19.6341945802511,0.967699485830245,0.665186353652852,1.2947500962618,0.976504075063435,-0.10174043947417,-0.0194135454814214,0.03576,0.0980690909090909,"HL_unadj","HL_unadj",0.967699485830245,"ns",0.943969160429673,"suppressed",1.19585468606668,0.431818181818182,0.446231695005707
"47157021757","Census Tract 217.57","38115",NA,3368,88,24,40.2080869074019,0.596894849915922,0.417269847982505,0.818130452981613,0.658938368377673,-1.37436337652977,0.947967261645965,0.03866,0.102903823529412,"LL_unadj","ns",0.596894849915922,"suppressed",0.921320752529597,"suppressed",0.801197643670461,0.272727272727273,0.456910078493203
"47157021758","Census Tract 217.58","38115",NA,3475,168,63,78.0791425792723,0.806873614628097,0.65702510662207,0.96874705067097,0.823333316430732,-0.684460179249478,0.459496996373868,0.02608,0.074928253968254,"LL_unadj","ns",0.806873614628097,"ns",0.915024927661121,"ns",0.592138546120066,0.375,0.464756801067097
"47157021759","Census Tract 217.59","38141",NA,4283,247,67,114.625410644848,0.584512627898809,0.473260317455788,0.71086206863418,0.609374573504476,-1.49329456558674,0.751271011233961,0.26638,0.379643937007874,"ns","LL_unadj",0.584512627898809,"ns",0.705791275739328,"ns",0.580304231199501,0.271255060728745,0.464070488440679
"47157021760","Census Tract 217.60","38141",NA,4737,203,59,93.9322584073536,0.62811222683624,0.502523624387795,0.77050676706923,0.654918647652402,-1.32781822059572,0.815223199532254,0.06424,0.147182784810127,"ns","LL",0.62811222683624,"ns",1.08257452699498,"ns",0.652616129352645,0.29064039408867,0.462720484765289
"47157021900","Census Tract 219","38118",NA,5088,377,238,172.608932730369,1.37883941598653,1.27007730426401,1.4818162542864,1.3633649025366,1.37602293867219,1.61986622088821,0.00268,0.01267,"HH","HH",1.37883941598653,"ns",1.06189180943756,"HH_unadj",1.43813708853802,0.631299734748011,0.457848627932014
"47157022023","Census Tract 220.23","38116","Whitehaven",2865,127,97,59.1788622997592,1.63909876314731,1.46540634325694,1.77955133762263,1.56910397599644,2.23644591724903,3.28292474522891,0.00052,0.00402222222222222,"HH","HH",1.63909876314731,"ns",1.2728578977289,"suppressed",1.33915110860519,0.763779527559055,0.465975293698891
"47157022024","Census Tract 220.24","38116","Whitehaven",3536,354,226,162.390064235534,1.39171076176314,1.27990501162928,1.49703804642506,1.37479536220869,1.42102757061443,2.01922053126208,0.00018,0.00232714285714286,"HH","HH",1.39171076176314,"HH_unadj",1.11978166354061,"ns",0.826795083262741,0.638418079096045,0.458728995015633
"47157022025","Census Tract 220.25","38116","Whitehaven",3723,38,23,17.8949554613493,1.28527841545495,0.949585478164409,1.5799274424999,1.20334203271854,0.893397925081231,1.58045813762293,4e-05,0.000905,"HH","HH",1.28527841545495,"HH",1.20406714412369,"suppressed",1.30986574224028,0.605263157894737,0.470919880561823
"47157022026","Census Tract 220.26","38116","Whitehaven",1922,101,64,44.6360712423753,1.433817946308,1.21375939345924,1.63171286724964,1.37153464315241,1.48891827095464,2.29679044772353,0.00056,0.00402222222222222,"HH","HH",1.433817946308,"ns",1.4223128155684,"ns",1.52759731286306,0.633663366336634,0.441941299429458
"47157022111","Census Tract 221.11","38116","Whitehaven",4977,256,137,118.880999939478,1.15241291770549,1.02069731365672,1.28189006972406,1.14360718830368,0.548926443701213,0.841337116274354,0.00022,0.00248875,"HH","HH",1.15241291770549,"HH_unadj",1.14357260410533,"ns",0.74285771598454,0.53515625,0.464378906013587
"47157022121","Census Tract 221.21","38116","Whitehaven",4652,399,239,184.484082181441,1.29550472416879,1.18993314969358,1.39699282070759,1.28423568986313,1.07493735364753,1.21848520825091,0.00558,0.0201996,"HH","HH",1.29550472416879,"HH_unadj",1.14483841288601,"ns",1.00049653364541,0.598997493734336,0.462366120755491
"47157022122","Census Tract 221.22","38116","Whitehaven",3934,264,155,122.529679855602,1.26499963260055,1.13523702255858,1.38937787242739,1.25013696211348,0.954977989456939,1.28456760946989,0.0028,0.01267,"HH","HH",1.26499963260055,"ns",1.1264231813617,"ns",1.22662950954233,0.587121212121212,0.464127575210615
"47157022130","Census Tract 221.30","38116","Whitehaven",4920,383,218,177.493200453077,1.22821606373384,1.12024263072134,1.33322427402815,1.21920361176275,0.829671043457871,1.04883243339211,0.01548,0.0475508474576271,"HH","HH",1.22821606373384,"ns",1.14146877487488,"ns",1.11835559713251,0.569190600522193,0.463428721809601
"47157022131","Census Tract 221.31","38116","Whitehaven",2197,117,75,53.3782532225674,1.40506658558642,1.207513027594,1.58296710055969,1.35605460001605,1.40846306637746,1.60173441170508,0.0039,0.015424347826087,"HH","HH",1.40506658558642,"ns",1.27455025890157,"ns",1.13516557965364,0.641025641025641,0.45622438651767
"47157022132","Census Tract 221.32","38116","Whitehaven",2777,109,64,51.9181032741062,1.23271067246248,1.0356619961131,1.4173009487455,1.20448752040027,0.80920056925969,1.25404270839937,6e-05,0.00120666666666667,"HH","HH",1.23271067246248,"HH_unadj",1.23720450075988,"suppressed",1.26735605259883,0.587155963302752,0.476312874074369
"47157022210","Census Tract 222.10","38109",NA,4277,300,200,139.748179636776,1.43114565441801,1.3127450929382,1.54049924923435,1.40981778040944,1.5589039234072,2.12715508710237,0.00342,0.0143958139534884,"HH","HH",1.43114565441801,"HH_unadj",1.18480585828887,"ns",0.899167951161975,0.666666666666667,0.46582726545592
"47157022220","Census Tract 222.20","38109",NA,3845,339,202,158.212998334785,1.27675982457876,1.1631343355394,1.38578196311994,1.26463191664139,1.00379638914417,1.40792033495248,0.00036,0.00342947368421053,"HH","HH",1.27675982457876,"ns",1.3087312096592,"ns",0.938338845473292,0.595870206489675,0.466705009837125
"47157022310","Census Tract 223.10","38109",NA,5071,443,262,203.981678454255,1.28442908199109,1.1837223023351,1.3817220734,1.27458013292985,1.03654727913241,1.58391594048427,0.00038,0.003439,"HH","HH",1.28442908199109,"HH_unadj",1.19460836424082,"ns",0.999974855251519,0.591422121896163,0.460455256104413
"47157022321","Census Tract 223.21","38109",NA,4105,263,158,123.24160389237,1.282034597164,1.15350385028822,1.40437433549124,1.26640021825804,1.0166918153232,1.352248454329,0.00078,0.00499310344827586,"HH","HH",1.282034597164,"HH",1.17918932866198,"ns",0.96129725684239,0.600760456273764,0.468599254343614
"47157022322","Census Tract 223.22","38109",NA,3559,438,268,203.192380296777,1.31894709638504,1.21887920585185,1.41482175989721,1.30789285182269,1.16227455248278,1.46776400264977,0.00042,0.00362,"HH","HH",1.31894709638504,"ns",1.26421117088124,"ns",0.843701692266387,0.611872146118721,0.463909544056569
"47157022330","Census Tract 223.30","38109",NA,4972,333,216,156.016369069601,1.38447011225879,1.27197761467646,1.48972599146572,1.36744638239507,1.39396953079058,1.8223609655583,0.00058,0.00402222222222222,"HH","HH",1.38447011225879,"HH_unadj",1.15697861359073,"ns",1.12905702066641,0.648648648648649,0.468517624833638
"47157022410","Census Tract 224.10","38109",NA,5954,597,373,277.057204184896,1.34629236982799,1.26113413727664,1.42801222840298,1.33741756887386,1.26777614278044,1.77015846444226,0.00326,0.0140490476190476,"HH","HH",1.34629236982799,"ns",1.09940978601015,"ns",1.18288510566062,0.624790619765494,0.464082419070178
"47157022500","Census Tract 225","38116","Whitehaven",4588,333,213,152.983301213215,1.39230882266777,1.27718666122425,1.50049816988712,1.37441535527246,1.42139074771704,2.06090447577187,2e-05,0.000905,"HH","HH",1.39230882266777,"HH",1.11464913073383,"ns",0.962806182286673,0.63963963963964,0.459409312952599
"47157022600","Census Tract 226","38118",NA,3781.546,254,137,109.569009096517,1.2503535546198,1.10794891788182,1.3900387124551,1.23413762132242,0.898060770884016,0.184040736043406,0.5092,0.610365562913907,"ns","ns",1.2503535546198,"ns",1.01147442619992,"ns",1.15121877901296,0.539370078740158,0.431374051561092
"47157022700","Census Tract 227","38109",NA,6506,589,322,275.448999866746,1.16900043258742,1.0826628423946,1.25404418715699,1.16466714566766,0.618909270004706,0.846165471389855,0.00122,0.00736066666666667,"HH","HH",1.16900043258742,"HH_unadj",1.12079255981432,"ns",0.631076463630029,0.546689303904924,0.467655347821301
"47157980100","Census Tract 9801","38118",NA,0,22,9,7.88961458154489,1.14074013463883,0.648482826422425,1.7083648124889,NA,NA,NA,NA,NA,"suppressed","suppressed",1.14074013463883,"suppressed",0.92342009609445,"suppressed",1.15651045389733,0.409090909090909,0.358618844615677
"47157980200","Census Tract 9802","38113",NA,0,5,3,1.88550918785859,1.59108214339022,0.611835473308011,2.3398963830282,NA,NA,NA,NA,NA,"suppressed","suppressed",1.59108214339022,"suppressed",1.83289498657845,"suppressed",1.59108214339022,0.6,0.377101837571719
"47157980300","Census Tract 9803","38109",NA,0,3,1,0.867298578199052,1.15300546448087,0.212701644852518,2.74071843001259,NA,NA,NA,NA,NA,"suppressed","suppressed",1.15300546448087,"suppressed",0.679294274025147,"suppressed",1.15300546448087,0.333333333333333,0.289099526066351
"47157980401","Census Tract 9804.01","38134",NA,1747,1,0,0.289099526066351,0,0,2.74455892895742,NA,NA,NA,NA,NA,"suppressed","suppressed",0,"suppressed",NA,"suppressed",0,0,0.289099526066351
"47157980402","Census Tract 9804.02","38134",NA,0,22,12,8.51333162305589,1.40955392451781,0.895672259484308,1.88851274590076,NA,NA,NA,NA,NA,"suppressed","suppressed",1.40955392451781,"suppressed",0.922922069729776,"suppressed",1.16351039963171,0.545454545454545,0.386969619229813
