"window","request_type","n","threshold","status"
"2026-06-01 to 2026-08-31","CE-Accumulation of Stagnant",1,NA,"too_few"
"2026-06-01 to 2026-08-31","CE-Code Miscellaneous",1480,26,"ok"
"2026-06-01 to 2026-08-31","CE-Downtown Cleanup",1,NA,"too_few"
"2026-06-01 to 2026-08-31","CE-Junky Yard",223,35,"ok"
"2026-06-01 to 2026-08-31","CE-Open Storage and Furnishin",7,NA,"too_few"
"2026-06-01 to 2026-08-31","CE-Recreational Vehicle Illeg",32,7,"ok"
"2026-06-01 to 2026-08-31","CE-Substandard,Derelict Struc",680,8,"ok"
"2026-06-01 to 2026-08-31","CE-Vacant Lot Code Violation",3,NA,"too_few"
"2026-06-01 to 2026-08-31","CE-Vehicle Violations",944,11,"ok"
"2026-06-01 to 2026-08-31","CE-Weeds Occupied Property",1883,26,"ok"
"2026-06-01 to 2026-08-31","COMM-Junky Property",39,75,"ok"
"2026-06-01 to 2026-08-31","COMM-Pot Holes",9,NA,"too_few"
"2026-06-01 to 2026-08-31","COMM-Substandard Delelict, Struc",2,NA,"too_few"
"2026-06-01 to 2026-08-31","COMM-Vehicle Violation",8,NA,"too_few"
"2026-06-01 to 2026-08-31","COMM-Weeds Occupied Property",67,NA,"median_not_reached"
"2026-06-01 to 2026-08-31","COMM - Miscellaneous",77,NA,"median_not_reached"
"2026-06-01 to 2026-08-31","CW-Miscellaneous",1,NA,"too_few"
"2026-06-01 to 2026-08-31","CW-Weeds Vacant Houses",1383,NA,"median_not_reached"
"2026-06-01 to 2026-08-31","CW-Weeds Vacant Lots",1709,NA,"median_not_reached"
"2026-06-01 to 2026-08-31","EE-Bulk Trash",13,NA,"too_few"
"2026-06-01 to 2026-08-31","EE-Carts Out After Hours",93,NA,"median_not_reached"
"2026-06-01 to 2026-08-31","EE-Illegal Dumping",653,22,"ok"
"2026-06-01 to 2026-08-31","EE-Illegal Signs",1,NA,"too_few"
"2026-06-01 to 2026-08-31","EMI-Cave In",522,15,"ok"
"2026-06-01 to 2026-08-31","EMI-Manhole Cover Problem",27,12,"ok"
"2026-06-01 to 2026-08-31","EMI-Repair Miscellaneous",3,NA,"too_few"
"2026-06-01 to 2026-08-31","EMI-Sewage Spill/Overflow",9,NA,"too_few"
"2026-06-01 to 2026-08-31","EMI-Sewer Backup",513,0,"ok"
"2026-06-01 to 2026-08-31","EMI-Sewer Miscellaneous",22,0,"ok"
"2026-06-01 to 2026-08-31","EMI-Sewer Odor",18,NA,"too_few"
"2026-06-01 to 2026-08-31","EMI-Street Sinking",22,17.5,"ok"
"2026-06-01 to 2026-08-31","EN-Construction Inspection",34,27,"ok"
"2026-06-01 to 2026-08-31","EN-Curb Ramp Construction",8,NA,"too_few"
"2026-06-01 to 2026-08-31","EN-Curb Ramp Request",3,NA,"too_few"
"2026-06-01 to 2026-08-31","EN-Curb/Gutter Repair",5,NA,"too_few"
"2026-06-01 to 2026-08-31","EN-Drainage Improvement",2,NA,"too_few"
"2026-06-01 to 2026-08-31","EN-Maintain Markings",15,NA,"too_few"
"2026-06-01 to 2026-08-31","EN-Maintain Signs",476,10,"ok"
"2026-06-01 to 2026-08-31","EN-Markings/Signs",8,NA,"too_few"
"2026-06-01 to 2026-08-31","EN-Miscellaneous",15,NA,"too_few"
"2026-06-01 to 2026-08-31","EN-New Markings",6,NA,"too_few"
"2026-06-01 to 2026-08-31","EN-New Signs",14,NA,"too_few"
"2026-06-01 to 2026-08-31","EN-Railroad Inspection",3,NA,"too_few"
"2026-06-01 to 2026-08-31","EN-Railroad R-O-W Maint. 2",3,NA,"too_few"
"2026-06-01 to 2026-08-31","EN-Railroad R-O-W Maintenanc",5,NA,"too_few"
"2026-06-01 to 2026-08-31","EN-Sidewalk Inspection",160,17.5,"ok"
"2026-06-01 to 2026-08-31","EN-Speed Hump Maintenance",23,58,"ok"
"2026-06-01 to 2026-08-31","EN-Speed Hump Request",116,54,"ok"
"2026-06-01 to 2026-08-31","EN-Street Improvements",3,NA,"too_few"
"2026-06-01 to 2026-08-31","EN-Traffic Sight Obstruction",1,NA,"too_few"
"2026-06-01 to 2026-08-31","EN-Traffic Sign Obstruction",1,NA,"too_few"
"2026-06-01 to 2026-08-31","EN-Traffic Signal Maintenance",256,1,"ok"
"2026-06-01 to 2026-08-31","EN-Traffic Signal Operation",6,NA,"too_few"
"2026-06-01 to 2026-08-31","EX-Animal Service",134,NA,"median_not_reached"
"2026-06-01 to 2026-08-31","FS-Fire Hydrants",56,14,"ok"
"2026-06-01 to 2026-08-31","FS-Miscellaneous",2,NA,"too_few"
"2026-06-01 to 2026-08-31","GS-Grass Cutting",10,NA,"too_few"
"2026-06-01 to 2026-08-31","GS-Median Strip Maintenance",6,NA,"too_few"
"2026-06-01 to 2026-08-31","GS-Tree Removal",5,NA,"too_few"
"2026-06-01 to 2026-08-31","MCSC-Miscellaneous",619,0,"ok"
"2026-06-01 to 2026-08-31","PD-Abandoned Vehicles",296,13.5,"ok"
"2026-06-01 to 2026-08-31","PD-Complaint about Service",4,NA,"too_few"
"2026-06-01 to 2026-08-31","PD-Criminal Activity",4,NA,"too_few"
"2026-06-01 to 2026-08-31","PD-Quality of Life Issues",18,NA,"too_few"
"2026-06-01 to 2026-08-31","PD-Traffic Violations",6,NA,"too_few"
"2026-06-01 to 2026-08-31","PN-Equipment",24,40,"ok"
"2026-06-01 to 2026-08-31","PN-Library (Miscellaneous)",1,NA,"too_few"
"2026-06-01 to 2026-08-31","PN-Lights in the Parks",2,NA,"too_few"
"2026-06-01 to 2026-08-31","PN-Mowing",11,NA,"too_few"
"2026-06-01 to 2026-08-31","PN-Roadways in Parks",1,NA,"too_few"
"2026-06-01 to 2026-08-31","PN-Tree Crew",11,NA,"too_few"
"2026-06-01 to 2026-08-31","PW (DM)-CAVITY IN STREET",15,NA,"too_few"
"2026-06-01 to 2026-08-31","PW (DM)-CAVITY OFF STREET",15,NA,"too_few"
"2026-06-01 to 2026-08-31","PW (DM)-CLAIM FLOODING LAND",2,NA,"too_few"
"2026-06-01 to 2026-08-31","PW (DM)-CLAIM FLOODING STREET",1,NA,"too_few"
"2026-06-01 to 2026-08-31","PW (DM)-CLEAN DRIVEWAY PIPE",6,NA,"too_few"
"2026-06-01 to 2026-08-31","PW (DM)-DITCH MAINTENANCE",137,3,"ok"
"2026-06-01 to 2026-08-31","PW (DM)-Drain Inlet Clogged",232,1,"ok"
"2026-06-01 to 2026-08-31","PW (DM)-FLOODING LAND",207,1,"ok"
"2026-06-01 to 2026-08-31","PW (DM)-FLOODING STREET",109,1,"ok"
"2026-06-01 to 2026-08-31","PW (DM)-FLOODING STRUCTURE",4,NA,"too_few"
"2026-06-01 to 2026-08-31","PW (DM)-PREVENTATIVE MAINTENANCE",286,1,"ok"
"2026-06-01 to 2026-08-31","PW (DM)-REPAIR",44,4,"ok"
"2026-06-01 to 2026-08-31","PW (DM)-REPAIR INLET",46,7.5,"ok"
"2026-06-01 to 2026-08-31","PW (DM)-RESET/REPLACE INLET GRATE",17,NA,"too_few"
"2026-06-01 to 2026-08-31","PW (DM)-RESET/REPLACE MANHOLE COVER",15,NA,"too_few"
"2026-06-01 to 2026-08-31","PW (DM)-SITE CHECK",5,NA,"too_few"
"2026-06-01 to 2026-08-31","PW (HE)-Ditch",9,NA,"too_few"
"2026-06-01 to 2026-08-31","PW (HE)-Street Cleaning",394,1,"ok"
"2026-06-01 to 2026-08-31","PW (ROW)-Alley Cutting",94,29,"ok"
"2026-06-01 to 2026-08-31","PW (ROW)-Alley Debris",21,44,"ok"
"2026-06-01 to 2026-08-31","PW (ROW)-BRX Bridge Maintenance",2,NA,"too_few"
"2026-06-01 to 2026-08-31","PW (ROW)-Graffiti",11,NA,"too_few"
"2026-06-01 to 2026-08-31","PW (ROW)-Right of Way Weeds",353,14,"ok"
"2026-06-01 to 2026-08-31","PW (ROW)-Roadside Litter",304,4,"ok"
"2026-06-01 to 2026-08-31","PW (ROW)-Trees Trimming",260,17,"ok"
"2026-06-01 to 2026-08-31","PW (SM)-Guardrails",8,NA,"too_few"
"2026-06-01 to 2026-08-31","PW (SM)-Pot Hole in Alley",15,NA,"too_few"
"2026-06-01 to 2026-08-31","PW (SM)-Potholes",1266,1,"ok"
"2026-06-01 to 2026-08-31","PW (SM)-Street Cracking/Crumbling",47,NA,"median_not_reached"
"2026-06-01 to 2026-08-31","PW (SM)-Street/Pavement Inspection",170,10,"ok"
"2026-06-01 to 2026-08-31","PW (SM)-Trees in Street",328,1,"ok"
"2026-06-01 to 2026-08-31","PW (SW)-Storm Water",9,NA,"too_few"
"2026-06-01 to 2026-08-31","SWM-Billing for Burnt Cart",2,NA,"too_few"
"2026-06-01 to 2026-08-31","SWM-Bulk Trash Validation",3,NA,"too_few"
"2026-06-01 to 2026-08-31","SWM-Burnt Cart",35,17,"ok"
"2026-06-01 to 2026-08-31","SWM-Cart Lease Application",225,6,"ok"
"2026-06-01 to 2026-08-31","SWM-Cart Repair",2530,7,"ok"
"2026-06-01 to 2026-08-31","SWM-Carts Out After-hours",118,6,"ok"
"2026-06-01 to 2026-08-31","SWM-Code Violation",19,NA,"too_few"
"2026-06-01 to 2026-08-31","SWM-Contaminated Recycle Cart",191,10,"ok"
"2026-06-01 to 2026-08-31","SWM-Dead Animal Collection",849,1,"ok"
"2026-06-01 to 2026-08-31","SWM-Garbage Missed",2784,2,"ok"
"2026-06-01 to 2026-08-31","SWM-Garbage Waiver Request",98,13,"ok"
"2026-06-01 to 2026-08-31","SWM-Illegal Dumping",17,NA,"too_few"
"2026-06-01 to 2026-08-31","SWM-Leased Cart Delivery",3,NA,"too_few"
"2026-06-01 to 2026-08-31","SWM-Leased Cart Labeling",23,15,"ok"
"2026-06-01 to 2026-08-31","SWM-Leased Cart Pickup",17,NA,"too_few"
"2026-06-01 to 2026-08-31","SWM-Miscellaneous",4,NA,"too_few"
"2026-06-01 to 2026-08-31","SWM-Missed Bulk Trash",10176,7,"ok"
"2026-06-01 to 2026-08-31","SWM-Missing Cart",2104,5,"ok"
"2026-06-01 to 2026-08-31","SWM-Missing Lease Cart",24,11,"ok"
"2026-06-01 to 2026-08-31","SWM-Missing Recycle Cart",307,6,"ok"
"2026-06-01 to 2026-08-31","SWM-New Connect Listing",1,NA,"too_few"
"2026-06-01 to 2026-08-31","SWM-New Start Garbage Request",1194,6,"ok"
"2026-06-01 to 2026-08-31","SWM-Pick-Up Extra Cart",174,11,"ok"
"2026-06-01 to 2026-08-31","SWM-Recycle Bin New Start",180,NA,"median_not_reached"
"2026-06-01 to 2026-08-31","SWM-Recycle Cart Delivery",414,7,"ok"
"2026-06-01 to 2026-08-31","SWM-Recycle Cart Pickup",67,13,"ok"
"2026-06-01 to 2026-08-31","SWM-Recycle Cart Repair",506,7,"ok"
"2026-06-01 to 2026-08-31","SWM-Recycling Missed",1764,3,"ok"
"2026-06-01 to 2026-08-31","SWM-Service Quality",817,4,"ok"
"2026-06-01 to 2026-08-31","SWM-Solid Waste Fees",131,5,"ok"
"2026-06-01 to 2026-08-31","SWM-Storm Debris",3,NA,"too_few"
"2026-06-01 to 2026-08-31","SWM-SWF Discount Prog.Request",35,13,"ok"
"2026-06-01 to 2026-08-31","SWM-Switched Cart",16,NA,"too_few"
"2025-06-01 to 2025-07-31","CE-Accumulation of Stagnant",6,NA,"too_few"
"2025-06-01 to 2025-07-31","CE-Code Miscellaneous",554,27.5,"ok"
"2025-06-01 to 2025-07-31","CE-Downtown Cleanup",1,NA,"too_few"
"2025-06-01 to 2025-07-31","CE-Junky Yard",132,42,"ok"
"2025-06-01 to 2025-07-31","CE-Open Storage and Furnishin",2,NA,"too_few"
"2025-06-01 to 2025-07-31","CE-Recreational Vehicle Illeg",1,NA,"too_few"
"2025-06-01 to 2025-07-31","CE-Substandard,Derelict Struc",291,20,"ok"
"2025-06-01 to 2025-07-31","CE-Vacant Lot Code Violation",1,NA,"too_few"
"2025-06-01 to 2025-07-31","CE-Vehicle Violations",606,13,"ok"
"2025-06-01 to 2025-07-31","CE-Weeds Occupied Property",980,21,"ok"
"2025-06-01 to 2025-07-31","COMM-Junky Property",21,NA,"median_not_reached"
"2025-06-01 to 2025-07-31","COMM-Pot Holes",2,NA,"too_few"
"2025-06-01 to 2025-07-31","COMM-Substandard Delelict, Struc",4,NA,"too_few"
"2025-06-01 to 2025-07-31","COMM-Vehicle Violation",5,NA,"too_few"
"2025-06-01 to 2025-07-31","COMM-Weeds Occupied Property",27,NA,"median_not_reached"
"2025-06-01 to 2025-07-31","COMM - Miscellaneous",56,86,"ok"
"2025-06-01 to 2025-07-31","CW-Miscellaneous",1,NA,"too_few"
"2025-06-01 to 2025-07-31","CW-Weeds Vacant Houses",842,13,"ok"
"2025-06-01 to 2025-07-31","CW-Weeds Vacant Lots",1047,14,"ok"
"2025-06-01 to 2025-07-31","EE-Illegal Dumping",397,19,"ok"
"2025-06-01 to 2025-07-31","EMI-Cave In",250,30,"ok"
"2025-06-01 to 2025-07-31","EMI-Manhole Cover Problem",28,22,"ok"
"2025-06-01 to 2025-07-31","EMI-Repair Miscellaneous",3,NA,"too_few"
"2025-06-01 to 2025-07-31","EMI-Sewage Spill/Overflow",10,NA,"too_few"
"2025-06-01 to 2025-07-31","EMI-Sewer Backup",207,0,"ok"
"2025-06-01 to 2025-07-31","EMI-Sewer Miscellaneous",13,NA,"too_few"
"2025-06-01 to 2025-07-31","EMI-Sewer Odor",5,NA,"too_few"
"2025-06-01 to 2025-07-31","EMI-Street Sinking",8,NA,"too_few"
"2025-06-01 to 2025-07-31","EN-Construction Inspection",42,29,"ok"
"2025-06-01 to 2025-07-31","EN-Curb Ramp Construction",3,NA,"too_few"
"2025-06-01 to 2025-07-31","EN-Curb/Gutter Repair",1,NA,"too_few"
"2025-06-01 to 2025-07-31","EN-Drainage Improvement",2,NA,"too_few"
"2025-06-01 to 2025-07-31","EN-Maintain Markings",9,NA,"too_few"
"2025-06-01 to 2025-07-31","EN-Maintain Signs",207,15,"ok"
"2025-06-01 to 2025-07-31","EN-Markings/Signs",5,NA,"too_few"
"2025-06-01 to 2025-07-31","EN-Miscellaneous",8,NA,"too_few"
"2025-06-01 to 2025-07-31","EN-New Markings",2,NA,"too_few"
"2025-06-01 to 2025-07-31","EN-New Signs",9,NA,"too_few"
"2025-06-01 to 2025-07-31","EN-Railroad Inspection",4,NA,"too_few"
"2025-06-01 to 2025-07-31","EN-Railroad R-O-W Maint. 2",2,NA,"too_few"
"2025-06-01 to 2025-07-31","EN-Sidewalk Inspection",81,9,"ok"
"2025-06-01 to 2025-07-31","EN-Speed Hump Maintenance",12,NA,"too_few"
"2025-06-01 to 2025-07-31","EN-Speed Hump Request",86,25,"ok"
"2025-06-01 to 2025-07-31","EN-Street Improvements",4,NA,"too_few"
"2025-06-01 to 2025-07-31","EN-Traffic Signal Maintenance",131,1,"ok"
"2025-06-01 to 2025-07-31","EN-Traffic Signal Operation",5,NA,"too_few"
"2025-06-01 to 2025-07-31","EX-Animal Service",54,18,"ok"
"2025-06-01 to 2025-07-31","FS-Anti-Neglect",2,NA,"too_few"
"2025-06-01 to 2025-07-31","FS-Fire Hydrants",28,10.5,"ok"
"2025-06-01 to 2025-07-31","GS-Median Strip Maintenance",3,NA,"too_few"
"2025-06-01 to 2025-07-31","GS-Tree Removal",1,NA,"too_few"
"2025-06-01 to 2025-07-31","MCSC-Miscellaneous",290,0,"ok"
"2025-06-01 to 2025-07-31","PD-Abandoned Vehicles",131,36,"ok"
"2025-06-01 to 2025-07-31","PD-Complaint about Service",3,NA,"too_few"
"2025-06-01 to 2025-07-31","PD-Criminal Activity",13,NA,"too_few"
"2025-06-01 to 2025-07-31","PD-Quality of Life Issues",7,NA,"too_few"
"2025-06-01 to 2025-07-31","PD-Traffic Violations",4,NA,"too_few"
"2025-06-01 to 2025-07-31","PN-Community Center",1,NA,"too_few"
"2025-06-01 to 2025-07-31","PN-Equipment",3,NA,"too_few"
"2025-06-01 to 2025-07-31","PN-Mowing",3,NA,"too_few"
"2025-06-01 to 2025-07-31","PN-Trash Litter",1,NA,"too_few"
"2025-06-01 to 2025-07-31","PW (DM)-CAVITY IN STREET",44,6.5,"ok"
"2025-06-01 to 2025-07-31","PW (DM)-CAVITY OFF STREET",18,NA,"too_few"
"2025-06-01 to 2025-07-31","PW (DM)-CLAIM CAVITY",1,NA,"too_few"
"2025-06-01 to 2025-07-31","PW (DM)-CLAIM FLOODING LAND",1,NA,"too_few"
"2025-06-01 to 2025-07-31","PW (DM)-CLAIM FLOODING STREET",1,NA,"too_few"
"2025-06-01 to 2025-07-31","PW (DM)-CLEAN DRIVEWAY PIPE",3,NA,"too_few"
"2025-06-01 to 2025-07-31","PW (DM)-DITCH MAINTENANCE",79,4,"ok"
"2025-06-01 to 2025-07-31","PW (DM)-Drain Inlet Clogged",50,1,"ok"
"2025-06-01 to 2025-07-31","PW (DM)-FLOODING LAND",125,1,"ok"
"2025-06-01 to 2025-07-31","PW (DM)-FLOODING STREET",66,1,"ok"
"2025-06-01 to 2025-07-31","PW (DM)-FLOODING STRUCTURE",1,NA,"too_few"
"2025-06-01 to 2025-07-31","PW (DM)-PREVENTATIVE MAINTENANCE",133,1,"ok"
"2025-06-01 to 2025-07-31","PW (DM)-REPAIR",21,10,"ok"
"2025-06-01 to 2025-07-31","PW (DM)-REPAIR INLET",39,5,"ok"
"2025-06-01 to 2025-07-31","PW (DM)-RESET/REPLACE INLET GRATE",20,8.5,"ok"
"2025-06-01 to 2025-07-31","PW (DM)-RESET/REPLACE MANHOLE COVER",8,NA,"too_few"
"2025-06-01 to 2025-07-31","PW (DM)-SITE CHECK",4,NA,"too_few"
"2025-06-01 to 2025-07-31","PW (HE)-Ditch",1,NA,"too_few"
"2025-06-01 to 2025-07-31","PW (HE)-Fire",1,NA,"too_few"
"2025-06-01 to 2025-07-31","PW (HE)-Heavy Equipment",3,NA,"too_few"
"2025-06-01 to 2025-07-31","PW (HE)-Street Cleaning",156,1,"ok"
"2025-06-01 to 2025-07-31","PW (ROW)-Alley Cutting",43,5,"ok"
"2025-06-01 to 2025-07-31","PW (ROW)-Alley Debris",15,NA,"too_few"
"2025-06-01 to 2025-07-31","PW (ROW)-Graffiti",21,11,"ok"
"2025-06-01 to 2025-07-31","PW (ROW)-Right of Way Weeds",150,7,"ok"
"2025-06-01 to 2025-07-31","PW (ROW)-Roadside Litter",177,2,"ok"
"2025-06-01 to 2025-07-31","PW (ROW)-Trees Trimming",139,5,"ok"
"2025-06-01 to 2025-07-31","PW (SM)-Edge of Street Damage",2,NA,"too_few"
"2025-06-01 to 2025-07-31","PW (SM)-Pot Hole in Alley",5,NA,"too_few"
"2025-06-01 to 2025-07-31","PW (SM)-Potholes",999,1,"ok"
"2025-06-01 to 2025-07-31","PW (SM)-Street Cracking/Crumbling",27,60,"ok"
"2025-06-01 to 2025-07-31","PW (SM)-Street/Pavement Inspection",61,8,"ok"
"2025-06-01 to 2025-07-31","PW (SM)-Trees in Street",99,0,"ok"
"2025-06-01 to 2025-07-31","PW (SW)-Storm Water",3,NA,"too_few"
"2025-06-01 to 2025-07-31","SWM-Billing for Burnt Cart",2,NA,"too_few"
"2025-06-01 to 2025-07-31","SWM-Bulk Trash Validation",1,NA,"too_few"
"2025-06-01 to 2025-07-31","SWM-Burnt Cart",29,13,"ok"
"2025-06-01 to 2025-07-31","SWM-By SWF Fee Code",1,NA,"too_few"
"2025-06-01 to 2025-07-31","SWM-Cart Lease Application",197,19,"ok"
"2025-06-01 to 2025-07-31","SWM-Cart Repair",1626,10,"ok"
"2025-06-01 to 2025-07-31","SWM-Carts Out After-hours",107,27,"ok"
"2025-06-01 to 2025-07-31","SWM-Contaminated Recycle Cart",60,52.5,"ok"
"2025-06-01 to 2025-07-31","SWM-Dead Animal Collection",521,1,"ok"
"2025-06-01 to 2025-07-31","SWM-Garbage Missed",1820,4,"ok"
"2025-06-01 to 2025-07-31","SWM-Garbage Waiver Request",37,19,"ok"
"2025-06-01 to 2025-07-31","SWM-Illegal Dumping",18,NA,"too_few"
"2025-06-01 to 2025-07-31","SWM-Leased Cart Delivery",2,NA,"too_few"
"2025-06-01 to 2025-07-31","SWM-Leased Cart Labeling",9,NA,"too_few"
"2025-06-01 to 2025-07-31","SWM-Leased Cart Pickup",6,NA,"too_few"
"2025-06-01 to 2025-07-31","SWM-Miscellaneous",1,NA,"too_few"
"2025-06-01 to 2025-07-31","SWM-Missed Bulk Trash",7211,9,"ok"
"2025-06-01 to 2025-07-31","SWM-Missing Cart",1345,7,"ok"
"2025-06-01 to 2025-07-31","SWM-Missing Lease Cart",7,NA,"too_few"
"2025-06-01 to 2025-07-31","SWM-Missing Recycle Cart",171,15,"ok"
"2025-06-01 to 2025-07-31","SWM-New Start Garbage Request",619,7,"ok"
"2025-06-01 to 2025-07-31","SWM-Pick-Up Extra Cart",66,26.5,"ok"
"2025-06-01 to 2025-07-31","SWM-Recycle Bin New Start",126,131.5,"ok"
"2025-06-01 to 2025-07-31","SWM-Recycle Cart Delivery",171,13,"ok"
"2025-06-01 to 2025-07-31","SWM-Recycle Cart Pickup",44,28,"ok"
"2025-06-01 to 2025-07-31","SWM-Recycle Cart Repair",203,15,"ok"
"2025-06-01 to 2025-07-31","SWM-Recycling Missed",1310,6,"ok"
"2025-06-01 to 2025-07-31","SWM-Service Quality",265,5,"ok"
"2025-06-01 to 2025-07-31","SWM-Solid Waste Fees",122,17,"ok"
"2025-06-01 to 2025-07-31","SWM-Storm Debris",2,NA,"too_few"
"2025-06-01 to 2025-07-31","SWM-SWF Discount Prog.Request",13,NA,"too_few"
"2025-06-01 to 2025-07-31","SWM-Switched Cart",9,NA,"too_few"
