"request_type","group","n","ratio","ci_low","ci_high","median_days","median_n"
"SWM-Missed Bulk Trash","fast_core",1353,0.110333461636461,0.088054840328124,0.137857356290427,1,1353
"SWM-Missed Bulk Trash","other",6407,0.956905707121222,0.931652115992951,0.982254895606344,7,6407
"SWM-Missed Bulk Trash","slow_core",2396,1.61731655448567,1.58201459643646,1.65075963030134,15,2396
"SWM-Garbage Missed","fast_core",274,0.052143759231115,0.0253685773855882,0.105696857220469,0,274
"SWM-Garbage Missed","other",1858,1.02821752017905,0.981847431619752,1.07455587723326,3,1858
"SWM-Garbage Missed","slow_core",646,1.32068311195446,1.24389452344689,1.3939230378537,4,646
"SWM-Cart Repair","fast_core",285,0.816030626394164,0.698199120759742,0.941063544422994,7,285
"SWM-Cart Repair","other",1734,1.03788392251989,0.986948335871222,1.08903563121873,7,1734
"SWM-Cart Repair","slow_core",511,0.974051956610917,0.881520729752753,1.06826525778749,7,511
"SWM-Missing Cart","fast_core",274,0.954961792301911,0.831238181565975,1.08193213586005,5,274
"SWM-Missing Cart","other",1456,1.01787254539548,0.963076829521068,1.07295509984844,5,1456
"SWM-Missing Cart","slow_core",372,0.962831431609177,0.85609661375545,1.0718055319404,5,372
"SWM-Recycling Missed","fast_core",159,0.268525417618075,0.174939811699083,0.402452182202663,1,159
"SWM-Recycling Missed","other",1006,0.81307821858657,0.74764940198431,0.880869246390952,3,1006
"SWM-Recycling Missed","slow_core",596,1.50814346171932,1.42116145693506,1.59019971459274,5,596
"CE-Weeds Occupied Property","fast_core",266,1.05902907557912,0.939991853030202,1.17615521512262,31,303
"CE-Weeds Occupied Property","other",1088,1.00284767086025,0.94397724152635,1.06164111802793,28,1186
"CE-Weeds Occupied Property","slow_core",362,0.948066298342542,0.846983023275678,1.05007026854807,22,394
"PW (SM)-Potholes","fast_core",149,0.905380129827264,0.684146645717373,1.16804025375568,1,149
"PW (SM)-Potholes","other",854,0.980189657158214,0.879181962820515,1.08790832654548,1,854
"PW (SM)-Potholes","slow_core",228,1.10749209088295,0.909813746492845,1.32578322186041,1,228
"CE-Code Miscellaneous","fast_core",266,0.923040493925327,0.806909918964978,1.04085303882473,10.5,298
"CE-Code Miscellaneous","other",743,0.988724204550925,0.918255540462883,1.0591248792197,25,888
"CE-Code Miscellaneous","slow_core",244,1.13506743492339,1.01189434864218,1.25349910179483,40,282
"SWM-New Start Garbage Request","fast_core",231,0.852128348874553,0.703563089871488,1.01518265835113,5,231
"SWM-New Start Garbage Request","other",752,1.0470300456916,0.95766786082238,1.13891288623945,6,752
"SWM-New Start Garbage Request","slow_core",209,0.991395862956543,0.827658337734556,1.16609294898139,6,209
"CE-Vehicle Violations","fast_core",125,0.708503198294243,0.551158951072199,0.883611062939646,4,125
"CE-Vehicle Violations","other",655,1.05710053874575,0.980054949557376,1.13355485628793,14,655
"CE-Vehicle Violations","slow_core",159,1.02538520336324,0.870390727598711,1.17948378955958,12,159
"SWM-Missed Bulk Trash","citywide",10176,1,0.979888264800878,1.0201394143724,7,10176
"SWM-Garbage Missed","citywide",2784,1,0.962153414956216,1.03790315707423,2,2784
"SWM-Cart Repair","citywide",2530,1,0.957951279402871,1.04231181713511,7,2530
"SWM-Missing Cart","citywide",2104,1,0.954456085861024,1.04580771583096,5,2104
"SWM-Recycling Missed","citywide",1764,1,0.948210356866928,1.05232665630791,3,1764
"CE-Weeds Occupied Property","citywide",1716,1,0.953104834676134,1.04685901437538,26,1883
"PW (SM)-Potholes","citywide",1266,1,0.915929644600226,1.08848409646579,1,1266
"CE-Code Miscellaneous","citywide",1263,1,0.945873132318261,1.05401840239282,26,1480
"SWM-New Start Garbage Request","citywide",1194,1,0.929531322259289,1.07236086807721,6,1194
"CE-Vehicle Violations","citywide",944,1,0.935957999254478,1.06409384956693,11,944
