"sample_id","parcel_id","input","reference_lon","reference_lat","geocoder","matched_address","census_candidates","geocode_lon","geocode_lat","distance_m","same_cell","in_reference_disk","reference_zcta","geocode_zcta","reference_council_district","geocode_council_district","flag","reviewer_verdict","reviewer_notes"
1,"020037  00029","218 N MCNEIL ST, Memphis, TN",-90.011471,35.144406,"census","218 N MCNEIL ST, MEMPHIS, TN, 38112",1,-90.011556,35.145046,71.5,FALSE,TRUE,"38112","38112","5","5","","",""
2,"049076  00014","1985 BENTON ST, Memphis, TN",-90.035874,35.09289,"census","1985 BENTON ST, MEMPHIS, TN, 38106",1,-90.035567,35.09252,49.7,FALSE,TRUE,"38106","38106","6","6","","",""
3,"027011  00025","1003 N DUNLAP ST, Memphis, TN",-90.029736,35.168031,"census","1003 N DUNLAP ST, MEMPHIS, TN, 38107",1,-90.029689,35.167276,83.9,TRUE,TRUE,"38107","38107","7","7","","",""
4,"079110  00011","5157 DURANT ST, Memphis, TN",-90.019283,35.007687,"census","5157 DURANT ST, MEMPHIS, TN, 38116",1,-90.019182,35.008096,46.3,FALSE,TRUE,"38116","38116","3","3","","",""
5,"084007  00150","3124 TARANSAY RD, Memphis, TN",-89.959023,35.214111,"census","3124 TARANSAY RD, MEMPHIS, TN, 38128",1,-89.959536,35.214036,47.4,TRUE,TRUE,"38128","38128","1","1","","",""
6,"040025  00019","1228 LOUISVILLE AV, Memphis, TN",-90.015966,35.176095,"census","1228 LOUISVILLE AVE, MEMPHIS, TN, 38107",1,-90.016388,35.175962,41.2,TRUE,TRUE,"38107","38107","7","7","","",""
7,"034008  00042","1570 HUMBER ST, Memphis, TN",-90.045126,35.104239,"census","1570 HUMBER ST, MEMPHIS, TN, 38106",1,-90.045291,35.104148,18.1,TRUE,TRUE,"38106","38106","6","6","","",""
8,"071010  00008","1753 CARLYLE RD, Memphis, TN",-90.005315,35.233092,"census","1753 CARLYLE AVE, MEMPHIS, TN, 38127",1,-90.005178,35.233162,14.7,TRUE,TRUE,"38127","38127","7","7","","",""
9,"045113  00035","3368 DOUGLASS AV, Memphis, TN",-89.950307,35.109495,"census","3368 DOUGLASS AVE, MEMPHIS, TN, 38111",1,-89.95027,35.109367,14.6,TRUE,TRUE,"38111","38111","5","5","","",""
10,"060124  00045","2527 BRIAN CV, Memphis, TN",-89.978531,35.08668,"census","2527 BRIAN COVE, MEMPHIS, TN, 38114",1,-89.979081,35.086904,56,TRUE,TRUE,"38114","38114","4","4","","",""
11,"084001  00015","3361 MARGARETTA RD, Memphis, TN",-89.964689,35.217333,"census","3361 MARGARETTA RD, MEMPHIS, TN, 38128",1,-89.964533,35.21743,17.8,TRUE,TRUE,"38128","38128","1","1","","",""
12,"060107  00056","1894 LAPALOMA ST, Memphis, TN",-89.998358,35.093439,"census","1894 LAPALOMA ST, MEMPHIS, TN, 38114",1,-89.998517,35.093506,16.3,TRUE,TRUE,"38114","38114","4","4","","",""
13,"061018  00019","1249 CELLA ST, Memphis, TN",-89.978792,35.106228,"census","1249 CELLA ST, MEMPHIS, TN, 38114",1,-89.978661,35.106242,12,TRUE,TRUE,"38114","38114","4","4","","",""
14,"027003  00016","999 WOODLAWN ST, Memphis, TN",-90.033458,35.168382,"census","999 WOODLAWN ST, MEMPHIS, TN, 38107",1,-90.033219,35.167955,52.1,TRUE,TRUE,"38107","38107","7","7","","",""
15,"082007  00003","3569 BATCHELOR RD, Memphis, TN",-90.106457,35.051076,"census","3569 BATCHELOR RD, MEMPHIS, TN, 38109",1,-90.106313,35.05012,106.9,TRUE,TRUE,"38109","38109","6","6","over 100 m","",""
16,"081079  00041","7947 PLAYERS FOREST DR, Memphis, TN",-89.797946,35.062821,"census","7947 PLAYERS FOREST DR, MEMPHIS, TN, 38119",1,-89.797299,35.063093,66.3,TRUE,TRUE,"38119","38119","2","2","","",""
17,"042061  00045","1498 BRYAN ST, Memphis, TN",-89.973914,35.176914,"census","1498 BRYAN ST, MEMPHIS, TN, 38108",1,-89.974113,35.175963,107.1,TRUE,TRUE,"38108","38108","7","7","over 100 m","",""
18,"047060  00037","2386 MALONE AV, Memphis, TN",-89.983328,35.102655,"census","2386 MALONE AVE, MEMPHIS, TN, 38114",1,-89.983153,35.1024,32.4,FALSE,TRUE,"38114","38114","4","4","","",""
19,"027021  00013","624 N MANASSAS ST, Memphis, TN",-90.032886,35.157771,"census","624 N MANASSAS ST, MEMPHIS, TN, 38107",1,-90.033081,35.157649,22.4,TRUE,TRUE,"38107","38107","7","7","","",""
20,"096203 F00083","2740 MISTY BAY DR, Memphis, TN",-89.737704,35.200404,"nominatim (census no_match)","2740, Misty Bay Drive, Memphis, Shelby County, West Tennessee, Tennessee, 38002, United States",0,-89.737852,35.20038,13.7,TRUE,TRUE,"38002","38002","1","1","","",""
21,"034064  00060","1795 TAMPA CV, Memphis, TN",-90.03308,35.098425,"census","1795 TAMPA COVE, MEMPHIS, TN, 38106",1,-90.033362,35.098905,59.1,FALSE,TRUE,"38106","38106","6","6","","",""
22,"014033  00027","1344 RIDGEWAY ST, Memphis, TN",-90.03227,35.110161,"census","1344 RIDGEWAY ST, MEMPHIS, TN, 38106",1,-90.03244,35.110334,24.7,TRUE,TRUE,"38106","38106","4","4","","",""
23,"077010  00035","3412 LUCIBILL RD, Memphis, TN",-90.028085,35.055522,"census","3412 LUCIBILL RD, MEMPHIS, TN, 38116",1,-90.028246,35.055961,50.9,FALSE,TRUE,"38116","38116","6","6","","",""
24,"002047 A00097","200 WAGNER PL, Memphis, TN",-90.056619,35.141328,"census","200 WAGNER PL, MEMPHIS, TN, 38103",1,-90.05682,35.14204,81,TRUE,TRUE,"38103","38103","7","7","","",""
25,"089014  00141","6080 RESOURCES DR, Memphis, TN",-89.86064,35.158869,"census","6080 RESOURCES DR, MEMPHIS, TN, 38134",1,-89.861802,35.158598,110.1,FALSE,TRUE,"38134","38134","1","1","over 100 m","",""
26,"048032  00019","1500 RAYNER ST, Memphis, TN",-90.011381,35.105301,"census","1500 RAYNER ST, MEMPHIS, TN, 38106",1,-90.011518,35.105908,68.5,TRUE,TRUE,"38106","38106","4","4","","",""
27,"028002  00001","2153 WASHINGTON AV, Memphis, TN",-89.989232,35.139933,"census","2153 WASHINGTON AVE, MEMPHIS, TN, 38104",1,-89.98874,35.14015,50.8,TRUE,TRUE,"38104","38104","5","5","","",""
28,"018001  00007","843 UNION AV, Memphis, TN",-90.033656,35.138331,"census","843 UNION AVE, MEMPHIS, TN, 38103",1,-90.033828,35.138517,26,TRUE,TRUE,"38103","38103","6","6","","",""
29,"002086 B00052","653 S RIVERSIDE DR, Memphis, TN",-90.068297,35.13006,"census","653 RIVERSIDE DR, MEMPHIS, TN, 38103",1,-90.066933,35.129682,131.2,TRUE,TRUE,"38103","38103","6","6","over 100 m","",""
30,"090020  00085","4386 BISTRO CV, Memphis, TN",-89.945847,35.245548,"nominatim (census no_match)","Bistro Cove, Egypt, Memphis, Shelby County, West Tennessee, Tennessee, 38128, United States",0,-89.946055,35.245559,19,TRUE,TRUE,"38128","38128","7","7","","",""
31,"038059  00003","3579 POWELL AV, Memphis, TN",-89.941545,35.154252,"census","3579 POWELL AVE, MEMPHIS, TN, 38122",1,-89.941633,35.154375,15.8,TRUE,TRUE,"38122","38122","5","5","","",""
32,"021045  00005","1005 CHELSEA AV, Memphis, TN",-90.02331,35.168454,"census","1005 CHELSEA AVE, MEMPHIS, TN, 38107",1,-90.022971,35.168745,44.7,FALSE,TRUE,"38107","38107","7","7","","",""
33,"070001  00043","3441 MADEWELL RD, Memphis, TN",-90.020075,35.219628,"census","3441 MADEWELL ST, MEMPHIS, TN, 38127",2,-90.019858,35.219636,19.7,TRUE,TRUE,"38127","38127","7","7","","",""
34,"081059  00030","6955 DASHWOOD DR, Memphis, TN",-89.831502,35.073162,"census","6955 DASHWOOD DR, MEMPHIS, TN, 38119",1,-89.830521,35.073155,89.5,TRUE,TRUE,"38119","38119","2","2","","",""
35,"055003  00015","473 SHARON DR, Memphis, TN",-89.926709,35.14455,"census","473 SHARON DR, MEMPHIS, TN, 38122",1,-89.926609,35.145034,54.5,TRUE,TRUE,"38122","38122","5","5","","",""
36,"059011  00072","1750 PENDLETON ST, Memphis, TN",-89.969855,35.097192,"census","1750 PENDLETON ST, MEMPHIS, TN, 38114",1,-89.970052,35.097292,21.2,TRUE,TRUE,"38114","38114","4","4","","",""
37,"021047  00002","1071 CHELSEA AV, Memphis, TN",-90.020903,35.169444,"census","1071 CHELSEA AVE, MEMPHIS, TN, 38107",1,-90.021787,35.169194,85.2,TRUE,TRUE,"38107","38107","7","7","","",""
38,"042012  00027","1440 BOXWOOD ST, Memphis, TN",-89.98124,35.175555,"census","1440 BOXWOOD ST, MEMPHIS, TN, 38108",1,-89.981384,35.175832,33.4,TRUE,TRUE,"38108","38108","7","7","","",""
39,"013007  00010","907 S THIRD ST, Memphis, TN",-90.055197,35.122464,"census","907 S 3RD ST, MEMPHIS, TN, 38106",1,-90.055054,35.122658,25.1,TRUE,TRUE,"38106","38106","6","6","","",""
40,"084005  00004","3477 REDCOAT RD, Memphis, TN",-89.960778,35.220762,"census","3477 REDCOAT RD, MEMPHIS, TN, 38128",1,-89.960585,35.220641,22.2,TRUE,TRUE,"38128","38128","1","1","","",""
41,"017009  00016","1304 COURT AV, Memphis, TN",-90.017406,35.14059,"census","1304 COURT AVE, MEMPHIS, TN, 38104",1,-90.017136,35.140397,32.6,TRUE,TRUE,"38104","38104","6","6","","",""
42,"030011  00016","1759 YORK AV, Memphis, TN",-90.003411,35.124651,"census","1759 YORK AVE, MEMPHIS, TN, 38104",1,-90.00354,35.124752,16.2,TRUE,TRUE,"38104","38104","4","4","","",""
43,"081051  00208","5719 CHAPMAN AV, Memphis, TN",-89.872754,35.083611,"census","5719 CHAPMAN AVE, MEMPHIS, TN, 38119",1,-89.873439,35.083776,65.1,TRUE,TRUE,"38119","38119","2","2","","",""
44,"071032  00028","1980 DURHAM DR, Memphis, TN",-89.997534,35.240148,"census","1980 DURHAM AVE, MEMPHIS, TN, 38127",1,-89.997554,35.239985,18.1,TRUE,TRUE,"38127","38127","7","7","","",""
45,"081004  00036","6100 E PRIMACY PW, Memphis, TN",-89.860158,35.095779,"census","6100 PRIMACY PKWY, MEMPHIS, TN, 38119",1,-89.860641,35.095134,84,TRUE,TRUE,"38119","38119","2","2","","",""
46,"036094  00013","605 EAST DR, Memphis, TN",-89.981879,35.152533,"census","605 EAST DR, MEMPHIS, TN, 38112",1,-89.982146,35.153269,85.2,TRUE,TRUE,"38112","38112","5","5","","",""
47,"017044  00015","99 N AUBURNDALE ST, Memphis, TN",-90.002277,35.140626,"census","99 N AUBURNDALE ST, MEMPHIS, TN, 38104",1,-90.002134,35.140459,22.6,TRUE,TRUE,"38104","38104","6","6","","",""
48,"066029  00008","4539 FLAMINGO RD, Memphis, TN",-89.910608,35.09577,"census","4539 FLAMINGO RD, MEMPHIS, TN, 38117",1,-89.911018,35.095643,40,TRUE,TRUE,"38117","38117","5","5","","",""
49,"081004 A00229","1204 CHAMBERLAIN DR, Memphis, TN",-89.866323,35.098659,"census","1204 CHAMBERLAIN DR, MEMPHIS, TN, 38119",1,-89.866665,35.098867,38.7,FALSE,TRUE,"38119","38119","2","2","","",""
50,"027034  00033","820 PEARCE ST, Memphis, TN",-90.028746,35.16273,"census","820 PEARCE ST, MEMPHIS, TN, 38107",1,-90.028912,35.162685,15.9,TRUE,TRUE,"38107","38107","7","7","","",""
51,"046016  00059","3597 CLAYPHIL AV, Memphis, TN",-89.94249,35.110737,"census","3597 CLAYPHIL AVE, MEMPHIS, TN, 38111",1,-89.943272,35.110878,73,TRUE,TRUE,"38111","38111","5","5","","",""
52,"095205 A00037","2814 ARBOR LANE CV, Memphis, TN",-89.813997,35.202501,"census","2814 ARBOR LANE COVE, MEMPHIS, TN, 38133",1,-89.814015,35.202013,54.1,FALSE,TRUE,"38133","38133","1","1","","",""
53,"048022  00022","1410 WABASH AV, Memphis, TN",-90.015908,35.102457,"census","1410 WABASH AVE, MEMPHIS, TN, 38106",1,-90.015186,35.102359,66.7,TRUE,TRUE,"38106","38106","4","4","","",""
54,"073089 A00008","3726 GETWELL CV, Memphis, TN",-89.939633,35.04213,"census","3726 GETWELL COVE, MEMPHIS, TN, 38118",1,-89.938678,35.041912,90.4,TRUE,TRUE,"38118","38118","3","3","","",""
55,"073088 Q00217","3486 WINCHESTER PARK DR, Memphis, TN",-89.9474,35.050293,"census","3486 WINCHESTER PARK DR, MEMPHIS, TN, 38118",1,-89.947839,35.050058,47.8,FALSE,TRUE,"38118","38118","3","3","","",""
56,"029087  00022","2740 CARNES AV, Memphis, TN",-89.970831,35.112267,"census","2740 CARNES AVE, MEMPHIS, TN, 38114",1,-89.970728,35.112126,18.3,TRUE,TRUE,"38114","38114","4","4","","",""
57,"045075  00023","2978 CARNES AV, Memphis, TN",-89.963217,35.111718,"census","2978 CARNES AVE, MEMPHIS, TN, 38111",1,-89.962851,35.111594,36.1,TRUE,TRUE,"38111","38111","4","4","","",""
58,"086004  00016","3650 TWINMONT ST, Memphis, TN",-89.929386,35.225334,"census","3650 TWINMONT ST, MEMPHIS, TN, 38128",1,-89.929541,35.225479,21.4,TRUE,TRUE,"38128","38128","1","1","","",""
59,"079009  00020","1613 NELLIE RD, Memphis, TN",-90.010143,35.030682,"census","1613 NELLIE RD, MEMPHIS, TN, 38116",1,-90.009924,35.030831,26,TRUE,TRUE,"38116","38116","3","3","","",""
60,"039044  00006","711 FIRESTONE AV, Memphis, TN",-90.033449,35.174601,"census","711 FIRESTONE AVE, MEMPHIS, TN, 38107",1,-90.033096,35.174772,37.2,TRUE,TRUE,"38107","38107","7","7","","",""
61,"045010  00011","68 S FLICKER ST, Memphis, TN",-89.971079,35.132166,"census","68 FLICKER ST, MEMPHIS, TN, 38104",1,-89.971187,35.132203,10.7,TRUE,TRUE,"38104","38104","5","5","","",""
62,"073017  00110","3654 DEMOCRAT RD, Memphis, TN",-89.94186,35.068599,"census","3654 DEMOCRAT RD, MEMPHIS, TN, 38118",1,-89.942555,35.068456,65.4,FALSE,TRUE,"38118","38118","3","3","","",""
63,"075088 A00019","3571 HICKY ST, Memphis, TN",-90.101966,35.051229,"census","3571 HICKY ST, MEMPHIS, TN, 38109",1,-90.101802,35.051142,17.7,TRUE,TRUE,"38109","38109","6","6","","",""
64,"012024  00016","1030 DEUMAINE PL, Memphis, TN",-90.071051,35.11953,"census","1030 DEUMAINE PL, MEMPHIS, TN, 38106",1,-90.071323,35.119007,63.1,TRUE,TRUE,"38106","38106","6","6","","",""
65,"072049  00018","2042 PORTLAND AV, Memphis, TN",-89.995734,35.203455,"census","2042 PORTLAND AVE, MEMPHIS, TN, 38127",1,-89.995819,35.2033,18.8,TRUE,TRUE,"38127","38127","7","7","","",""
66,"025060  00039C","558 S PARKWAY E, Memphis, TN",-90.044145,35.107623,"census","558 S PKWY E, MEMPHIS, TN, 38106",1,-90.044384,35.107416,31.6,FALSE,TRUE,"38106","38106","4","4","","",""
67,"084010  00117","3729 S LAKEWOOD DR, Memphis, TN",-89.939273,35.213247,"census","3729 S LAKEWOOD DR, MEMPHIS, TN, 38128",1,-89.938004,35.212496,142.4,TRUE,TRUE,"38128","38128","1","1","over 100 m","",""
68,"032002  00015","592 WALNUT, Memphis, TN",-90.034839,35.130753,"census","592 WALNUT ST, MEMPHIS, TN, 38126",1,-90.035026,35.13052,31,TRUE,TRUE,"38126","38126","6","6","","",""
69,"082050  00054","5376 AIRVIEW RD, Memphis, TN",-90.106857,35.001513,"census","5376 AIRVIEW RD, MEMPHIS, TN, 38109",1,-90.106061,35.002617,142.4,TRUE,TRUE,"38109","38109","6","6","over 100 m","",""
70,"060170  00013","1226 N HAVEN CR, Memphis, TN",-90.021848,35.075628,"census","1226 HAVEN CIR, MEMPHIS, TN, 38106",1,-90.022215,35.075451,38.9,TRUE,TRUE,"38106","38106","6","6","","",""
71,"087033 A00037","5356 RUSKIN CV, Memphis, TN",-89.884895,35.216109,"census","5356 RUSKIN COVE, MEMPHIS, TN, 38134",1,-89.883742,35.216032,105.3,TRUE,TRUE,"38134","38134","1","1","over 100 m","",""
72,"041044  00057","2088 CHELSEA AV, Memphis, TN",-89.987517,35.17407,"census","2088 CHELSEA AVE, MEMPHIS, TN, 38108",1,-89.987499,35.173968,11.5,TRUE,TRUE,"38108","38108","7","7","","",""
73,"073111  00033","4817 GETWELL RD, Memphis, TN",-89.937063,35.016624,"census","4817 GETWELL RD, MEMPHIS, TN, 38118",1,-89.936863,35.017851,137.3,FALSE,TRUE,"38118","38118","3","3","over 100 m","",""
74,"002092 C00021","2 W G E PATTERSON AV, Memphis, TN",-90.061425,35.133354,"census","2 W G E PATTERSON AVE, MEMPHIS, TN, 38103",1,-90.06145,35.132904,49.9,TRUE,TRUE,"38103","38103","7","7","","",""
75,"007013  00013","584 PONTOTOC AV, Memphis, TN",-90.042368,35.135748,"census","584 E PONTOTOC AVE, MEMPHIS, TN, 38126",1,-90.043807,35.135721,131.3,FALSE,TRUE,"38126","38126","6","6","over 100 m","",""
76,"038041  00014","3461 COLEMAN AV, Memphis, TN",-89.945253,35.155548,"census","3461 COLEMAN AVE, MEMPHIS, TN, 38122",1,-89.945596,35.155699,35.5,TRUE,TRUE,"38122","38122","5","5","","",""
77,"068002  00053","5242 BOSWELL AV, Memphis, TN",-89.887541,35.147277,"census","5242 BOSWELL RD, MEMPHIS, TN, 38120",1,-89.887385,35.147998,81.3,FALSE,TRUE,"38120","38120","2","2","","",""
78,"076088 C00025","38 W OTSEGO DR, Memphis, TN",-90.065219,35.01234,"census","38 OTSEGO DR, MEMPHIS, TN, 38109",1,-90.065211,35.012193,16.4,TRUE,TRUE,"38109","38109","6","6","","",""
79,"093400  00109","4211 CRUMP RD, Memphis, TN",-89.860262,35.033571,"census","4211 CRUMP RD, MEMPHIS, TN, 38141",1,-89.859793,35.033635,43.3,TRUE,TRUE,"38141","38141","3","3","","",""
80,"081051  00023","2431 LYNNFIELD RD, Memphis, TN",-89.869842,35.083053,"census","2431 LYNNFIELD RD, MEMPHIS, TN, 38119",1,-89.869688,35.083026,14.3,TRUE,TRUE,"38119","38119","2","2","","",""
81,"043009  00104","1508 WARFORD ST, Memphis, TN",-89.962002,35.173593,"census","1508 WARFORD ST, MEMPHIS, TN, 38108",1,-89.962231,35.173247,43.7,TRUE,TRUE,"38108","38108","7","7","","",""
82,"026047  00017","1212 KERR AV, Memphis, TN",-90.022271,35.107038,"census","1212 KERR AVE, MEMPHIS, TN, 38106",1,-90.022461,35.10691,22.5,TRUE,TRUE,"38106","38106","4","4","","",""
83,"082052  00030","1380 LONGCREST RD, Memphis, TN",-90.11021,35.006724,"census","1380 LONGCREST RD, MEMPHIS, TN, 38109",1,-90.109742,35.006586,45.3,TRUE,TRUE,"38109","38109","6","6","","",""
84,"084006  00012","3112 PEGGY RD, Memphis, TN",-89.959739,35.218197,"census","3112 PEGGY RD, MEMPHIS, TN, 38128",1,-89.959962,35.217956,33.6,TRUE,TRUE,"38128","38128","1","1","","",""
85,"078004  00006C","3281 MILL BRANCH RD, Memphis, TN",-90.008037,35.059068,"census","3281 MILL BRANCH RD, MEMPHIS, TN, 38116",2,-90.007366,35.061692,297.5,FALSE,TRUE,"38116","38116","3","3","over 250 m","",""
86,"075056  00010","3137 OLD HORN LAKE RD, Memphis, TN",-90.070664,35.063046,"census","3137 HORN LAKE RD, MEMPHIS, TN, 38109",1,-90.070326,35.062906,34.5,FALSE,TRUE,"38109","38109","6","6","","",""
87,"079167  00034","1272 RYANWOOD AV, Memphis, TN",-90.021551,34.998633,"census","1272 RYANWOOD AVE, MEMPHIS, TN, 38116",1,-90.021321,34.998508,25.1,FALSE,TRUE,"38116","38116","3","3","","",""
88,"082010  00062","3765 SEWANEE RD, Memphis, TN",-90.120173,35.046027,"census","3765 SEWANEE RD, MEMPHIS, TN, 38109",1,-90.121086,35.045269,118.4,TRUE,TRUE,"38109","38109","6","6","over 100 m","",""
89,"061019  00011","1129 HAMILTON ST, Memphis, TN",-89.977968,35.106804,"census","1129 HAMILTON ST, MEMPHIS, TN, 38114",1,-89.977841,35.106889,15,TRUE,TRUE,"38114","38114","4","4","","",""
90,"095317 A00017","7014 TULIP TRAIL DR, Memphis, TN",-89.829315,35.186769,"census","7014 TULIP TRAIL DR, MEMPHIS, TN, 38133",1,-89.829261,35.186636,15.5,TRUE,TRUE,"38133","38133","1","1","","",""
91,"073051  00034","4223 KENOSHA RD, Memphis, TN",-89.922272,35.068005,"census","4223 KENOSHA RD, MEMPHIS, TN, 38118",1,-89.923308,35.068104,95.2,FALSE,TRUE,"38118","38118","4","4","","",""
92,"062025  00006","2113 CHARLESTON RD, Memphis, TN",-89.931578,35.189622,"census","2113 CHARLESTON RD, MEMPHIS, TN, 38128",1,-89.930457,35.188293,179.3,FALSE,TRUE,"38128","38128","7","7","over 100 m","",""
93,"073010  00005C","3360 OLD GETWELL RD, Memphis, TN",-89.934552,35.056656,"census","3360 OLD GETWELL RD, MEMPHIS, TN, 38118",1,-89.934987,35.056924,49.6,TRUE,TRUE,"38118","38118","3","3","","",""
94,"045039  00014","507 HAYNES ST, Memphis, TN",-89.966745,35.118036,"census","507 HAYNES ST, MEMPHIS, TN, 38111",1,-89.966582,35.118117,17.3,TRUE,TRUE,"38111","38111","5","5","","",""
95,"042057  00015","1326 BRYAN ST, Memphis, TN",-89.974067,35.172153,"census","1326 BRYAN ST, MEMPHIS, TN, 38108",1,-89.974221,35.172433,34.1,TRUE,TRUE,"38108","38108","7","7","","",""
96,"036021  00012","1552 TUTWILER AV, Memphis, TN",-90.00693,35.155638,"census","1552 TUTWILER AVE, MEMPHIS, TN, 38107",1,-90.006933,35.155475,18,TRUE,TRUE,"38107","38107","5","5","","",""
97,"045113  00040","3340 DOUGLASS AV, Memphis, TN",-89.951117,35.109513,"census","3340 DOUGLASS AVE, MEMPHIS, TN, 38111",1,-89.951012,35.109378,17.7,TRUE,TRUE,"38111","38111","5","5","","",""
98,"034065  00015","1844 MARJORIE ST, Memphis, TN",-90.031226,35.096643,"census","1844 MARJORIE ST, MEMPHIS, TN, 38106",1,-90.031481,35.096535,26.2,FALSE,TRUE,"38106","38106","6","6","","",""
99,"042007  00027","1531 N HOLLYWOOD ST, Memphis, TN",-89.975534,35.177904,"census","1531 N HOLLYWOOD ST, MEMPHIS, TN, 38108",1,-89.975347,35.177843,18.3,FALSE,TRUE,"38108","38108","7","7","","",""
100,"081031  00036","6516 KESWICK CV, Memphis, TN",-89.846001,35.081622,"census","6516 KESWICK COVE, MEMPHIS, TN, 38119",1,-89.846207,35.081308,39.6,TRUE,TRUE,"38119","38119","2","2","","",""
101,"025060  00009","1389 WILLIE MITCHELL BL, Memphis, TN",-90.044028,35.109072,"none (census no_match)",,0,,,,,FALSE,"38106",,"4",,"no result","",""
102,"026062  00012","1330 GLEASON AV, Memphis, TN",-90.018099,35.111034,"census","1330 GLEASON AVE, MEMPHIS, TN, 38106",1,-90.017681,35.110921,40.1,TRUE,TRUE,"38106","38106","4","4","","",""
103,"095101 P00014","7086 MARYLAND CT, Memphis, TN",-89.827461,35.202897,"census","7086 MARYLAND CT, MEMPHIS, TN, 38133",1,-89.826115,35.202641,125.8,FALSE,TRUE,"38133","38133","1","1","over 100 m","",""
104,"013040  00023","988 S FOURTH ST, Memphis, TN",-90.050832,35.120331,"census","988 S 4TH ST, MEMPHIS, TN, 38126",1,-90.051026,35.120131,28.4,FALSE,TRUE,"38126","38126","6","6","","",""
105,"002083 E00050","150 W GEORGIA AV, Memphis, TN",-90.065966,35.129583,"census","150 W GEORGIA AVE, MEMPHIS, TN, 38103",1,-90.065263,35.129493,64.8,TRUE,TRUE,"38103","38103","6","6","","",""
106,"049061  00010","615 E MALLORY AV, Memphis, TN",-90.042521,35.086041,"census","615 E MALLORY AVE, MEMPHIS, TN, 38106",1,-90.04238,35.086206,22.4,TRUE,TRUE,"38106","38106","6","6","","",""
107,"042002  00039","1577 BOXWOOD ST, Memphis, TN",-89.981496,35.179479,"census","1577 BOXWOOD ST, MEMPHIS, TN, 38108",1,-89.981379,35.179437,11.6,TRUE,TRUE,"38108","38108","7","7","","",""
108,"042005  00003","1633 HARRISON ST, Memphis, TN",-89.977802,35.18073,"census","1633 HARRISON ST, MEMPHIS, TN, 38108",1,-89.977651,35.180765,14.2,TRUE,TRUE,"38108","38108","7","7","","",""
109,"060004  00008","1223 ELLISTON RD, Memphis, TN",-90.022203,35.087382,"census","1223 ELLISTON RD, MEMPHIS, TN, 38106",1,-90.022275,35.087517,16.4,TRUE,TRUE,"38106","38106","6","6","","",""
110,"018020  00001","571 EAST ST, Memphis, TN",-90.031635,35.131356,"census","571 EAST ST, MEMPHIS, TN, 38104",1,-90.031156,35.131057,54.8,FALSE,TRUE,"38104","38104","6","6","","",""
111,"017051  00006C","1895 JEFFERSON AV, Memphis, TN",-89.997827,35.139672,"census","1895 JEFFERSON AVE, MEMPHIS, TN, 38104",1,-89.997857,35.139909,26.4,TRUE,TRUE,"38104","38104","5","5","","",""
112,"088042  00115","5885 TWINE RD, Memphis, TN",-89.867142,35.184105,"census","5885 TWINE RD, MEMPHIS, TN, 38134",1,-89.866143,35.184089,91,TRUE,TRUE,"38134","38134","1","1","","",""
113,"069017  00011","3105 HARVESTER LN E, Memphis, TN",-90.042998,35.210304,"census","3105 HARVESTER LN E, MEMPHIS, TN, 38127",1,-90.04287,35.212778,274.8,FALSE,TRUE,"38127","38127","7","7","over 250 m","",""
114,"049078  00018","908 ALICE AV, Memphis, TN",-90.032427,35.094294,"census","908 ALICE AVE, MEMPHIS, TN, 38106",1,-90.032884,35.094182,43.5,FALSE,TRUE,"38106","38106","6","6","","",""
115,"063060  00009","4961 BYRON RD, Memphis, TN",-89.895456,35.151606,"census","4961 BYRON RD, MEMPHIS, TN, 38122",1,-89.895042,35.15173,40.1,TRUE,TRUE,"38122","38122","2","2","","",""
116,"067095  00010","5603 GLENWILD AV, Memphis, TN",-89.875179,35.091135,"census","5603 GLENWILD AVE, MEMPHIS, TN, 38119",1,-89.87537,35.091287,24.2,TRUE,TRUE,"38119","38119","2","2","","",""
117,"089027  00012","2275 MORNING VISTA DR, Memphis, TN",-89.84021,35.187588,"census","2275 MORNING VISTA DR, MEMPHIS, TN, 38134",1,-89.840247,35.186312,141.6,TRUE,TRUE,"38134","38134","1","1","over 100 m","",""
118,"018074 A00016","115 N BELLEVUE BL, Memphis, TN",-90.021699,35.142669,"census","115 N BELLEVUE BLVD, MEMPHIS, TN, 38104",1,-90.02125,35.142333,55.3,FALSE,TRUE,"38104","38104","6","6","","",""
119,"050066  00010","65 E MCKELLAR AV, Memphis, TN",-90.060782,35.089416,"census","65 E MCKELLAR AVE, MEMPHIS, TN, 38109",1,-90.060648,35.089557,19.8,TRUE,TRUE,"38109","38109","6","6","","",""
120,"021113  00009","921 RANDLE ST, Memphis, TN",-90.011993,35.163684,"census","921 RANDLE ST, MEMPHIS, TN, 38107",1,-90.011897,35.163938,29.5,TRUE,TRUE,"38107","38107","7","7","","",""
121,"074073 F00100","3234 THIRTEEN COLONY ML, Memphis, TN",-89.884611,35.060193,"census","3234 THIRTEEN COLONY MALL, MEMPHIS, TN, 38115",1,-89.884475,35.060154,13.1,TRUE,TRUE,"38115","38115","4","4","","",""
122,"050012  00028","2116 BENFORD ST, Memphis, TN",-90.072612,35.089839,"census","2116 BENFORD ST, MEMPHIS, TN, 38109",1,-90.072728,35.090695,95.5,TRUE,TRUE,"38109","38109","6","6","","",""
123,"080023  00049","5955 FAIRWOOD LN, Memphis, TN",-89.864033,35.11512,"census","5955 FAIRWOOD LN, MEMPHIS, TN, 38120",1,-89.863538,35.115528,63.9,TRUE,TRUE,"38120","38120","2","2","","",""
124,"039044  00008","715 FIRESTONE AV, Memphis, TN",-90.033021,35.174592,"census","715 FIRESTONE AVE, MEMPHIS, TN, 38107",1,-90.032725,35.174761,32.9,TRUE,TRUE,"38107","38107","7","7","","",""
125,"038072  00030","3712 WAYNE AV, Memphis, TN",-89.936919,35.161038,"census","3712 WAYNE AVE, MEMPHIS, TN, 38122",1,-89.936921,35.160916,13.5,TRUE,TRUE,"38122","38122","5","5","","",""
126,"069004  00008","3627 SUNRISE ST, Memphis, TN",-90.039263,35.224776,"census","3627 SUNRISE ST, MEMPHIS, TN, 38127",1,-90.039111,35.224712,15.5,TRUE,TRUE,"38127","38127","7","7","","",""
127,"076024  00017","401 SULLIVAN DR, Memphis, TN",-90.050688,35.035704,"census","401 SULLIVAN DR, MEMPHIS, TN, 38109",1,-90.050459,35.035798,23.4,TRUE,TRUE,"38109","38109","6","6","","",""
128,"075033  00011","621 GILLEAS RD, Memphis, TN",-90.084857,35.061534,"census","621 GILLEAS RD, MEMPHIS, TN, 38109",1,-90.084677,35.061638,20,TRUE,TRUE,"38109","38109","6","6","","",""
129,"053030  00020","1544 TENNYSON RD, Memphis, TN",-89.930952,35.173944,"census","1544 TENNYSON RD, MEMPHIS, TN, 38108",1,-89.931091,35.173914,13.1,TRUE,TRUE,"38108","38108","7","7","","",""
130,"047029  00030","1731 S TREZEVANT ST, Memphis, TN",-89.984642,35.098146,"census","1731 S TREZEVANT ST, MEMPHIS, TN, 38114",1,-89.984504,35.098182,13.1,FALSE,TRUE,"38114","38114","4","4","","",""
131,"025060  00019","1443 WILLIE MITCHELL BL, Memphis, TN",-90.043889,35.107704,"none (census no_match)",,0,,,,,FALSE,"38106",,"4",,"no result","",""
132,"058083  00025","1534 HARVILLE ST, Memphis, TN",-89.933553,35.089641,"census","1534 HARVILLE ST, MEMPHIS, TN, 38111",1,-89.933696,35.089468,23.2,TRUE,TRUE,"38111","38111","4","4","","",""
133,"058018  00132","1678 S PRESCOTT ST, Memphis, TN",-89.951108,35.085771,"census","1678 S PRESCOTT ST, MEMPHIS, TN, 38111",1,-89.951213,35.085989,26,TRUE,TRUE,"38111","38111","4","4","","",""
134,"044066  00014","3619 OAKLEY AV, Memphis, TN",-89.940857,35.136225,"census","3619 OAKLEY AVE, MEMPHIS, TN, 38111",1,-89.939724,35.136309,103.6,TRUE,TRUE,"38111","38111","5","5","over 100 m","",""
135,"002086 B00066","200 W GEORGIA AV, Memphis, TN",-90.068346,35.129727,"census","200 E GEORGIA AVE, MEMPHIS, TN, 38126",1,-90.054685,35.129226,1246.4,FALSE,FALSE,"38103","38126","6","6","different area","",""
136,"070012  00017","1214 CANFIELD AV, Memphis, TN",-90.023418,35.213778,"census","1214 CANFIELD AVE, MEMPHIS, TN, 38127",1,-90.022838,35.213635,55.2,TRUE,TRUE,"38127","38127","7","7","","",""
137,"069077 F00138","1282 FLEETS HARBOR DR, Memphis, TN",-90.051143,35.174889,"census","1282 FLEETS HARBOR DR, MEMPHIS, TN, 38103",1,-90.051257,35.174894,10.4,TRUE,TRUE,"38103","38103","7","7","","",""
138,"060216  00005","3161 EDGEWARE RD S, Memphis, TN",-89.958416,35.050653,"census","3161 S EDGEWARE RD, MEMPHIS, TN, 38118",1,-89.958351,35.0508,17.3,TRUE,TRUE,"38118","38118","3","3","","",""
139,"015001  00076","1234 HWY 78, Memphis, TN",-90.0207,35.128962,"nominatim (census no_match)","Old US Highway 78, Memphis, Shelby County, West Tennessee, Tennessee, 38118, United States",0,-89.877024,34.997963,19570.5,FALSE,FALSE,"38104","38118","6","3","different area","",""
140,"037017  00011","2871 NATHAN AV, Memphis, TN",-89.96531,35.143659,"census","2871 NATHAN AVE, MEMPHIS, TN, 38112",1,-89.966205,35.143814,83.4,TRUE,TRUE,"38112","38112","5","5","","",""
141,"001058  00011","622 N MAIN, Memphis, TN",-90.046022,35.16147,"census","622 N MAIN ST, MEMPHIS, TN, 38107",1,-90.046252,35.161391,22.7,TRUE,TRUE,"38107","38107","7","7","","",""
142,"043062  00020","3340 MACON RD, Memphis, TN",-89.9492,35.163063,"census","3340 MACON RD, MEMPHIS, TN, 38122",1,-89.949442,35.162899,28.6,TRUE,TRUE,"38122","38122","5","5","","",""
143,"035071  00001","145 FIELDS AV, Memphis, TN",-90.067325,35.104707,"census","145 FIELDS AVE, MEMPHIS, TN, 38109",1,-90.066379,35.104726,86.2,TRUE,TRUE,"38109","38109","6","6","","",""
144,"028005  00001C","6 S COOPER ST, Memphis, TN",-89.989808,35.136252,"census","6 S COOPER ST, MEMPHIS, TN, 38104",1,-89.990049,35.136457,31.6,TRUE,TRUE,"38104","38104","5","5","","",""
145,"093421 A00006","5884 FOXDALE RD, Memphis, TN",-89.867475,35.057088,"census","5884 FOXDALE RD, MEMPHIS, TN, 38115",1,-89.867791,35.056959,32.2,TRUE,TRUE,"38115","38115","4","4","","",""
146,"079161  00029","1393 EASON AV, Memphis, TN",-90.01746,34.999263,"census","1393 EASON AVE, MEMPHIS, TN, 38116",1,-90.017425,34.999387,14.1,TRUE,TRUE,"38116","38116","3","3","","",""
147,"075140 A00046","1005 WEAVER CV, Memphis, TN",-90.097655,35.028999,"census","1005 WEAVER COVE, MEMPHIS, TN, 38109",1,-90.098229,35.029008,52.4,TRUE,TRUE,"38109","38109","6","6","","",""
148,"080021 C00009C","6070 WILD OAKS DR, Memphis, TN",-89.859776,35.116533,"census","6070 WILD OAKS DR, MEMPHIS, TN, 38120",1,-89.860049,35.116654,28.3,TRUE,TRUE,"38120","38120","2","2","","",""
149,"088026  00015","5224 BRAIDWOOD CV, Memphis, TN",-89.889183,35.198019,"census","5224 BRAIDWOOD COVE, MEMPHIS, TN, 38134",1,-89.888595,35.197983,53.7,TRUE,TRUE,"38134","38134","1","1","","",""
150,"016063  00001","2081 LINDEN AV, Memphis, TN",-89.992229,35.13303,"census","2081 LINDEN AVE, MEMPHIS, TN, 38104",1,-89.992306,35.133155,15.6,TRUE,TRUE,"38104","38104","4","4","","",""
151,"069054  00015C","3469 MILLINGTON RD, Memphis, TN",-90.02804,35.22042,"census","3469 MILLINGTON RD, MEMPHIS, TN, 38127",1,-90.028534,35.220312,46.6,FALSE,TRUE,"38127","38127","7","7","","",""
152,"021015  00007C","999 JACKSON AV, Memphis, TN",-90.025502,35.156898,"census","999 JACKSON AVE, MEMPHIS, TN, 38107",1,-90.025538,35.157118,24.7,TRUE,TRUE,"38107","38107","7","7","","",""
153,"083028  00009","3417 CYPRESS RD, Memphis, TN",-89.949821,35.196228,"census","3417 CYPRESS RD, MEMPHIS, TN, 38128",1,-89.95004,35.196349,24,TRUE,TRUE,"38128","38128","7","7","","",""
154,"020093  00013","265 N BELLEVUE BL, Memphis, TN",-90.021078,35.1468,"census","265 N BELLEVUE BLVD, MEMPHIS, TN, 38105",1,-90.020855,35.146247,64.7,TRUE,TRUE,"38105","38105","6","6","","",""
155,"090022  00090","3813 WALSINGHAM CV, Memphis, TN",-89.936204,35.24715,"census","3813 WALSINGHAM COVE, MEMPHIS, TN, 38128",1,-89.936899,35.247574,78.9,TRUE,TRUE,"38128","38128","1","1","","",""
156,"091066 E00025","8582 BRER FOX CV, Memphis, TN",-89.776179,35.139015,"nominatim (census no_match)","8582, Brer Fox Cove, Cordova, Memphis, Shelby County, West Tennessee, Tennessee, 38018, United States",0,-89.776156,35.138431,64.8,FALSE,TRUE,"38018","38018","2","2","","",""
157,"058047  00009C","3579 PARK AV, Memphis, TN",-89.943296,35.107578,"census","3579 PARK AVE, MEMPHIS, TN, 38111",1,-89.943225,35.107759,21.1,TRUE,TRUE,"38111","38111","4","4","","",""
158,"079050  00071","4630 SHELBY COMMONS CT, Memphis, TN",-90.016754,35.02179,"none (census no_match)",,0,,,,,FALSE,"38116",,"3",,"no result","",""
159,"060118  00039","2353 IMOGENE ST, Memphis, TN",-89.980236,35.080992,"census","2353 IMOGENE ST, MEMPHIS, TN, 38114",1,-89.980097,35.081077,15.8,TRUE,TRUE,"38114","38114","4","4","","",""
160,"087006  00014","4015 AUSTIN PEAY HW, Memphis, TN",-89.895609,35.235954,"census","4015 AUSTIN PEAY HWY, MEMPHIS, TN, 38128",1,-89.894767,35.235709,81.3,TRUE,TRUE,"38128","38128","1","1","","",""
161,"096500 D00082","7839 EASTMONT LN, Memphis, TN",-89.801564,35.170155,"nominatim (census no_match)","7839, Eastmont Lane, Cordova, Memphis, Shelby County, West Tennessee, Tennessee, 38016, United States",0,-89.801838,35.17043,39.5,TRUE,TRUE,"38016","38016","2","2","","",""
162,"002041 A00004","50 GAYOSO AV, Memphis, TN",-90.055908,35.142642,"census","50 GAYOSO AVE, MEMPHIS, TN, 38103",1,-90.0554,35.142434,51.7,TRUE,TRUE,"38103","38103","7","7","","",""
163,"027019  00022","696 N MANASSAS ST, Memphis, TN",-90.032594,35.159652,"census","696 N MANASSAS ST, MEMPHIS, TN, 38107",1,-90.032738,35.159839,24.6,TRUE,TRUE,"38107","38107","7","7","","",""
164,"045085  00009","3231 CHOCTAW AV, Memphis, TN",-89.954834,35.11053,"census","3231 CHOCTAW AVE, MEMPHIS, TN, 38111",1,-89.955287,35.110681,44.6,TRUE,TRUE,"38111","38111","4","4","","",""
165,"011038  00003","765 IOKA AV, Memphis, TN",-90.036095,35.126973,"nominatim (census no_match)","765, Ioka Avenue, Foote Homes, Memphis, Shelby County, West Tennessee, Tennessee, 38126, United States",0,-90.036046,35.127178,23.1,FALSE,TRUE,"38126","38126","6","6","","",""
166,"081053 B00005","2865 KIRBY RD, Memphis, TN",-89.842982,35.070318,"census","2865 KIRBY RD, MEMPHIS, TN, 38119",1,-89.842625,35.070583,43.9,TRUE,TRUE,"38119","38119","2","2","","",""
167,"075167  00008","879 HACKBERRY LN, Memphis, TN",-90.093398,35.024211,"census","879 HACKBERRY LN, MEMPHIS, TN, 38109",1,-90.093277,35.024361,19.9,TRUE,TRUE,"38109","38109","6","6","","",""
168,"056046  00004","5261 BRANTFORD RD, Memphis, TN",-89.886596,35.11836,"census","5261 BRANTFORD AVE, MEMPHIS, TN, 38120",1,-89.88614,35.118492,44,TRUE,TRUE,"38120","38120","5","5","","",""
169,"088008  00195","2683 COVINGTON PI, Memphis, TN",-89.896635,35.198352,"census","2683 COVINGTON PIKE, MEMPHIS, TN, 38128",1,-89.895474,35.198218,106.8,FALSE,TRUE,"38128","38128","1","1","over 100 m","",""
170,"011004  00008","641 S FOURTH ST, Memphis, TN",-90.05072,35.129889,"census","641 S 4TH ST, MEMPHIS, TN, 38126",1,-90.050532,35.12972,25.4,TRUE,TRUE,"38126","38126","6","6","","",""
171,"083016  00015","3096 JAMES RD, Memphis, TN",-89.9604,35.200332,"census","3096 JAMES RD, MEMPHIS, TN, 38128",1,-89.960506,35.20008,29.5,TRUE,TRUE,"38128","38128","7","7","","",""
172,"075072  00004","3383 BEREA RD, Memphis, TN",-90.062388,35.056341,"census","3383 BEREA RD, MEMPHIS, TN, 38109",1,-90.062072,35.056529,35.6,TRUE,TRUE,"38109","38109","6","6","","",""
173,"034013  00019","1584 LATHAM ST, Memphis, TN",-90.051462,35.104005,"census","1584 LATHAM ST, MEMPHIS, TN, 38106",1,-90.051664,35.103909,21.3,TRUE,TRUE,"38106","38106","6","6","","",""
174,"060005  00022","1250 E MALLORY AV, Memphis, TN",-90.021249,35.08578,"census","1250 E MALLORY AVE, MEMPHIS, TN, 38106",1,-90.021281,35.085623,17.7,FALSE,TRUE,"38106","38106","6","6","","",""
175,"060080  00016","1725 RAGAN ST, Memphis, TN",-90.009891,35.098272,"census","1725 RAGAN ST, MEMPHIS, TN, 38106",1,-90.009629,35.099099,94.8,FALSE,TRUE,"38106","38106","4","4","","",""
176,"035083  00041","1560 FLORIDA ST, Memphis, TN",-90.0621,35.104599,"census","1560 FLORIDA ST, MEMPHIS, TN, 38109",1,-90.062423,35.104928,46.9,TRUE,TRUE,"38109","38109","6","6","","",""
177,"077024  00018","1119 BLUEBIRD LN, Memphis, TN",-90.026523,35.050923,"census","1119 BLUEBIRD RD, MEMPHIS, TN, 38116",1,-90.027436,35.05098,83.6,TRUE,TRUE,"38116","38116","6","6","","",""
178,"026034  00006","1303 NIESE ST, Memphis, TN",-90.027032,35.111151,"census","1303 NIESE ST, MEMPHIS, TN, 38106",1,-90.02691,35.110718,49.3,TRUE,TRUE,"38106","38106","4","4","","",""
179,"096624 E00020","2662 GROVE MANOR WY, Memphis, TN",-89.752352,35.198244,"nominatim (census no_match)","2662, Grove Manor Way, Memphis, Shelby County, West Tennessee, Tennessee, 38016, United States",0,-89.752492,35.198185,14.3,TRUE,TRUE,"38016","38016","1","1","","",""
180,"091008 B00021","8340 CORDOVA RD, Memphis, TN",-89.785094,35.158275,"nominatim (census no_match)","8340, Cordova Road, Cordova, Memphis, Shelby County, West Tennessee, Tennessee, 38016, United States",0,-89.786033,35.157619,112.4,TRUE,TRUE,"38016","38016","2","2","over 100 m","",""
181,"074037 B00115","3463 SWANSON CV, Memphis, TN",-89.896104,35.0541,"census","3463 SWANSON COVE, MEMPHIS, TN, 38118",1,-89.895808,35.054324,36.7,TRUE,TRUE,"38118","38118","4","4","","",""
182,"049032  00008","520 E DISON AV, Memphis, TN",-90.045311,35.100945,"census","520 E DISON AVE, MEMPHIS, TN, 38106",1,-90.045318,35.100773,19.1,TRUE,TRUE,"38106","38106","6","6","","",""
183,"087051 C00008C","5146 KEMEL LN, Memphis, TN",-89.891726,35.211339,"census","5146 KEMEL LN, MEMPHIS, TN, 38134",1,-89.891641,35.211203,17,TRUE,TRUE,"38134","38134","1","1","","",""
184,"082061  00028","1505 PITTMAN RD, Memphis, TN",-90.114602,35.017425,"census","1505 PITMAN RD, MEMPHIS, TN, 38109",1,-90.115888,35.017505,117.7,FALSE,TRUE,"38109","38109","6","6","over 100 m","",""
185,"060047  00001","1539 ELLISTON RD, Memphis, TN",-90.011664,35.087301,"census","1539 ELLISTON RD, MEMPHIS, TN, 38106",1,-90.011559,35.087447,18.8,TRUE,TRUE,"38106","38106","6","6","","",""
186,"093407 O00006","5736 FRENCH MARKET CR N, Memphis, TN",-89.872272,35.029089,"census","5736 FRENCH MARKET CIR N, MEMPHIS, TN, 38141",1,-89.872087,35.028912,25.9,TRUE,TRUE,"38141","38141","3","3","","",""
187,"086015 A00051","3873 OTTER DR, Memphis, TN",-89.908866,35.23158,"census","3873 OTTER DR, MEMPHIS, TN, 38128",1,-89.908767,35.231711,17.1,TRUE,TRUE,"38128","38128","1","1","","",""
188,"021097  00020","1188 FAXON AV, Memphis, TN",-90.019251,35.155791,"census","1188 FAXON AVE, MEMPHIS, TN, 38105",1,-90.021379,35.15552,196.2,TRUE,TRUE,"38104","38105","7","7","different area","",""
189,"056033 F00016","5115 WINTON PL, Memphis, TN",-89.891496,35.119296,"census","5115 WINTON PL, MEMPHIS, TN, 38117",1,-89.891963,35.119449,45.8,TRUE,TRUE,"38117","38117","5","5","","",""
190,"094401 F00054","2974 LARKWOOD CV, Memphis, TN",-89.964635,35.012439,"census","2974 LARKWOOD COVE, MEMPHIS, TN, 38118",1,-89.964848,35.012241,29.3,TRUE,TRUE,"38118","38118","3","3","","",""
191,"031022  00006","1587 FOSTER AV, Memphis, TN",-90.009572,35.112402,"census","1587 FOSTER AVE, MEMPHIS, TN, 38106",1,-90.00876,35.112506,74.9,TRUE,TRUE,"38106","38106","4","4","","",""
192,"076111  00004","507 HOLIDAY RD, Memphis, TN",-90.046913,35.016642,"census","507 HOLIDAY DR, MEMPHIS, TN, 38109",1,-90.046654,35.016755,26.7,TRUE,TRUE,"38109","38109","6","6","","",""
193,"042030  00026","2310 MARBLE AV, Memphis, TN",-89.980214,35.17137,"census","2310 MARBLE AVE, MEMPHIS, TN, 38108",1,-89.98024,35.171257,12.8,TRUE,TRUE,"38108","38108","7","7","","",""
194,"055067  00074","3884 HWY 79, Memphis, TN",-89.931434,35.14941,"none (census no_match)",,0,,,,,FALSE,"38122",,"5",,"no result","",""
195,"078005  00020","1737 LOCHEARN RD, Memphis, TN",-90.006021,35.057016,"census","1737 LOCHEARN RD, MEMPHIS, TN, 38116",1,-90.00593,35.057268,29.2,TRUE,TRUE,"38116","38116","3","3","","",""
196,"073011  00037","3675 HWY 78, Memphis, TN",-89.941289,35.064297,"nominatim (census no_match)","Old US Highway 78, Memphis, Shelby County, West Tennessee, Tennessee, 38118, United States",0,-89.883396,35.002097,8690.9,FALSE,FALSE,"38118","38118","3","3","over 250 m","",""
197,"072045  00036","1977 SIPES AV, Memphis, TN",-89.997867,35.195382,"census","1977 SIPES AVE, MEMPHIS, TN, 38127",1,-89.997837,35.195514,14.9,TRUE,TRUE,"38127","38127","7","7","","",""
198,"020060  00006","1687 CARRUTHERS PL, Memphis, TN",-90.00383,35.146062,"census","1687 CARRUTHERS PL, MEMPHIS, TN, 38112",1,-90.003488,35.146179,33.8,FALSE,TRUE,"38112","38112","5","5","","",""
199,"072020  00022","1898 DRIFTWOOD AV, Memphis, TN",-90.00063,35.210349,"census","1898 DRIFTWOOD AVE, MEMPHIS, TN, 38127",1,-90.000354,35.210208,29.6,TRUE,TRUE,"38127","38127","7","7","","",""
200,"091112 A00074","8500 TRONDHEIM DR, Memphis, TN",-89.779248,35.11629,"nominatim (census no_match)","8500, Trondheim Drive, Memphis, Shelby County, West Tennessee, Tennessee, 38018, United States",0,-89.779484,35.116771,57.6,TRUE,TRUE,"38018","38018","2","2","","",""
